material_request	stock_entry	posting_date	mr_status	mismatch_lines	desktop_only_lines	erp_only_lines	qty_mismatch_lines
MR-2026-03724	MAT-STE-2026-20120	2026-08-27	Transferred	16	5	10	1
MR-2026-03733	MAT-STE-2026-20121	2026-08-27	Transferred	9	3	5	1
MR-2026-03743	MAT-STE-2026-20122	2026-08-27	Transferred	6	2	2	2
MR-2026-03753	MAT-STE-2026-20123	2026-08-27	Partially Received	19	9	10	0
MR-2026-03773	MAT-STE-2026-20125	2026-08-27	Partially Received	10	3	6	1
MR-2026-03783	MAT-STE-2026-20126	2026-08-27	Transferred	6	2	3	1
MR-2026-03793	MAT-STE-2026-20127	2026-08-27	Transferred	29	13	13	3
MR-2026-03807	MAT-STE-2026-20023	2026-08-27	Transferred	5	2	3	0
MR-2026-03836	MAT-STE-2026-20178	2026-08-29	Partially Received	51	24	27	0
MR-2026-03919	MAT-STE-2026-20181	2026-08-29	Transferred	15	7	8	0
MR-2026-03929	MAT-STE-2026-20182	2026-08-29	Transferred	13	6	6	1
MR-2026-03942	MAT-STE-2026-20208	2026-08-29	Transferred	41	18	19	4
MR-2026-03949	MAT-STE-2026-20183	2026-08-29	Transferred	16	8	7	1
MR-2026-03962	MAT-STE-2026-20202	2026-08-29	Transferred	18	8	8	2
MR-2026-03975	MAT-STE-2026-20184	2026-08-29	Transferred	55	33	20	2
MR-2026-03988	MAT-STE-2026-20186	2026-08-29	Transferred	13	7	6	0
MR-2026-04001	MAT-STE-2026-20187	2026-08-29	Partially Received	16	9	7	0
MR-2026-04013	MAT-STE-2026-20203	2026-08-29	Transferred	30	15	15	0
MR-2026-04020	MAT-STE-2026-20204	2026-08-29	Partially Received	19	10	9	0
MR-2026-04033	MAT-STE-2026-20205	2026-08-29	Transferred	62	25	31	6
MR-2026-04042	MAT-STE-2026-20206	2026-08-29	Transferred	6	3	3	0
MR-2026-04055	MAT-STE-2026-20207	2026-08-29	Transferred	31	14	17	0
MR-2026-03843	MAT-STE-2026-20229	2026-08-30	Transferred	103	41	57	5
MR-2026-04090	MAT-STE-2026-20226	2026-08-30	Transferred	4	2	2	0
MR-2026-04114	MAT-STE-2026-20228	2026-08-30	Transferred	2	1	1	0
MR-2026-04270	MAT-STE-2026-20230	2026-08-30	Transferred	2	1	1	0
MR-2026-04271	MAT-STE-2026-20280	2026-08-30	Partially Received	2	1	1	0
MR-2026-04272	MAT-STE-2026-20281	2026-08-30	Transferred	5	2	3	0
MR-2026-04273	MAT-STE-2026-20282	2026-08-30	Transferred	2	1	1	0
MR-2026-04274	MAT-STE-2026-20275	2026-08-30	Transferred	2	0	1	1
MR-2026-04275	MAT-STE-2026-20283	2026-08-30	Partially Received	15	4	8	3
MR-2026-04276	MAT-STE-2026-20284	2026-08-30	Transferred	16	6	9	1
MR-2026-04277	MAT-STE-2026-20276	2026-08-30	Partially Received	5	2	3	0
MR-2026-04278	MAT-STE-2026-20277	2026-08-30	Transferred	2	1	1	0
MR-2026-04281	MAT-STE-2026-20279	2026-08-30	Transferred	2	1	1	0
MR-2026-03829	MAT-STE-2026-20306	2026-08-31	Transferred	40	17	21	2
MR-2026-03854	MAT-STE-2026-20307	2026-08-31	Transferred	77	35	39	3
MR-2026-03864	MAT-STE-2026-20308	2026-08-31	Transferred	62	30	32	0
MR-2026-03871	MAT-STE-2026-20309	2026-08-31	Transferred	10	5	5	0
MR-2026-03879	MAT-STE-2026-20310	2026-08-31	Partially Received	47	24	23	0
MR-2026-03900	MAT-STE-2026-20411	2026-08-31	Partially Received	49	22	26	1
MR-2026-03907	MAT-STE-2026-20412	2026-08-31	Transferred	63	30	32	1
MR-2026-04282	MAT-STE-2026-20386	2026-08-31	Transferred	2	0	1	1
MR-2026-04283	MAT-STE-2026-20311	2026-08-31	Partially Received	10	5	5	0
MR-2026-04284	MAT-STE-2026-20312	2026-08-31	Transferred	24	10	11	3
MR-2026-04290	MAT-STE-2026-20381	2026-08-31	Transferred	15	8	7	0
MR-2026-04291	MAT-STE-2026-20382	2026-08-31	Partially Received	18	9	9	0
MR-2026-04292	MAT-STE-2026-20383	2026-08-31	Partially Received	30	16	14	0
MR-2026-04293	MAT-STE-2026-20384	2026-08-31	Partially Received	5	3	2	0
MR-2026-04294	MAT-STE-2026-20385	2026-08-31	Transferred	7	4	2	1
MR-2026-03883	MAT-STE-2026-20439	2026-09-01	Partially Received	88	37	46	5
MR-2026-03887	MAT-STE-2026-20440	2026-09-01	Transferred	28	12	14	2
MR-2026-03890	MAT-STE-2026-20441	2026-09-01	Partially Received	83	35	43	5
MR-2026-04153	MAT-STE-2026-20473	2026-09-01	Partially Received	6	3	3	0
MR-2026-04179	MAT-STE-2026-20474	2026-09-01	Partially Received	9	3	5	1
MR-2026-04203	MAT-STE-2026-20475	2026-09-01	Partially Received	16	7	8	1
MR-2026-04229	MAT-STE-2026-20476	2026-09-01	Partially Received	8	4	3	1
MR-2026-04254	MAT-STE-2026-20478	2026-09-01	Partially Received	16	8	7	1
MR-2026-04266	MAT-STE-2026-20479	2026-09-01	Partially Received	10	4	5	1
MR-2026-04285	MAT-STE-2026-20432	2026-09-01	Partially Received	14	7	6	1
MR-2026-04286	MAT-STE-2026-20433	2026-09-01	Partially Received	20	6	10	4
MR-2026-04287	MAT-STE-2026-20434	2026-09-01	Partially Received	28	11	14	3
MR-2026-04288	MAT-STE-2026-20435	2026-09-01	Partially Received	6	3	3	0
MR-2026-04289	MAT-STE-2026-20436	2026-09-01	Partially Received	13	7	5	1
MR-2026-04399	MAT-STE-2026-20457	2026-09-01	Partially Received	18	9	9	0
MR-2026-04442	MAT-STE-2026-20443	2026-09-01	Partially Received	10	4	4	2
MR-2026-04443	MAT-STE-2026-20437	2026-09-01	Partially Received	12	6	6	0
MR-2026-04444	MAT-STE-2026-20444	2026-09-01	Partially Received	10	4	4	2
MR-2026-04445	MAT-STE-2026-20442	2026-09-01	Partially Received	15	5	6	4
MR-2026-04127	MAT-STE-2026-20503	2026-09-02	Partially Received	4	2	2	0
MR-2026-04140	MAT-STE-2026-20504	2026-09-02	Partially Received	14	7	7	0
MR-2026-04166	MAT-STE-2026-20505	2026-09-02	Partially Received	21	8	9	4
MR-2026-04192	MAT-STE-2026-20506	2026-09-02	Partially Received	6	3	3	0
MR-2026-04216	MAT-STE-2026-20507	2026-09-02	Partially Received	19	10	9	0
MR-2026-04376	MAT-STE-2026-20575	2026-09-02	Partially Received	25	12	13	0
MR-2026-04388	MAT-STE-2026-20576	2026-09-02	Partially Received	16	7	8	1
MR-2026-04410	MAT-STE-2026-20502	2026-09-02	Partially Received	7	3	4	0
MR-2026-04424	MAT-STE-2026-20577	2026-09-02	Partially Received	12	6	6	0
MR-2026-04433	MAT-STE-2026-20578	2026-09-02	Partially Received	22	11	10	1
MR-2026-04306	MAT-STE-2026-20675	2026-09-03	Partially Received	7	4	3	0
MR-2026-04317	MAT-STE-2026-20676	2026-09-03	Partially Received	20	10	9	1
MR-2026-04329	MAT-STE-2026-20677	2026-09-03	Partially Received	32	14	17	1
MR-2026-04341	MAT-STE-2026-20678	2026-09-03	Partially Received	46	22	24	0
MR-2026-04351	MAT-STE-2026-20679	2026-09-03	Partially Received	10	5	5	0
MR-2026-04364	MAT-STE-2026-20680	2026-09-03	Partially Received	17	7	7	3
MR-2026-04449	MAT-STE-2026-20687	2026-09-03	Partially Received	96	46	46	4
MR-2026-04493	MAT-STE-2026-20690	2026-09-03	Partially Received	2	1	1	0
MR-2026-04663	MAT-STE-2026-21189	2026-09-09	Transferred	8	4	4	0
MR-2026-04666	MAT-STE-2026-21190	2026-09-09	Transferred	20	9	11	0
MR-2026-04675	MAT-STE-2026-21191	2026-09-09	Transferred	21	9	12	0
MR-2026-04678	MAT-STE-2026-21192	2026-09-09	Partially Received	28	13	15	0
MR-2026-04656	MAT-STE-2026-21247	2026-09-10	Partially Received	12	6	6	0
MR-2026-04657	MAT-STE-2026-21246	2026-09-10	Transferred	21	10	11	0
MR-2026-04658	MAT-STE-2026-21245	2026-09-10	Partially Received	47	24	20	3
MR-2026-04659	MAT-STE-2026-21244	2026-09-10	Partially Received	27	13	12	2
MR-2026-04662	MAT-STE-2026-21243	2026-09-10	Partially Received	11	5	5	1
MR-2026-04664	MAT-STE-2026-21242	2026-09-10	Transferred	8	4	4	0
MR-2026-04665	MAT-STE-2026-21241	2026-09-10	Partially Received	24	13	11	0
MR-2026-04660	MAT-STE-2026-21468	2026-09-15	Partially Received	33	14	17	2
MR-2026-04661	MAT-STE-2026-21469	2026-09-15	Partially Received	22	11	11	0
MR-2026-04669	MAT-STE-2026-21501	2026-09-15	Partially Received	51	26	25	0
MR-2026-04677	MAT-STE-2026-21502	2026-09-15	Partially Received	34	17	16	1
MR-2026-04725	MAT-STE-2026-21489	2026-09-15	Transferred	8	4	4	0
MR-2026-04726	MAT-STE-2026-21490	2026-09-15	Partially Received	23	10	11	2
MR-2026-04727	MAT-STE-2026-21492	2026-09-15	Partially Received	16	8	8	0
MR-2026-04728	MAT-STE-2026-21493	2026-09-15	Partially Received	21	10	10	1
MR-2026-04729	MAT-STE-2026-21494	2026-09-15	Partially Received	20	10	10	0
MR-2026-04744	MAT-STE-2026-21495	2026-09-15	Partially Received	31	11	16	4
MR-2026-04667	MAT-STE-2026-21598	2026-09-17	Partially Received	25	12	13	0
MR-2026-04668	MAT-STE-2026-21599	2026-09-17	Partially Received	47	24	22	1
MR-2026-04670	MAT-STE-2026-21600	2026-09-17	Partially Received	56	28	26	2
MR-2026-04671	MAT-STE-2026-21601	2026-09-17	Partially Received	20	10	10	0
MR-2026-04672	MAT-STE-2026-21602	2026-09-17	Partially Received	61	29	29	3
MR-2026-04673	MAT-STE-2026-21603	2026-09-17	Partially Received	33	15	16	2
MR-2026-04674	MAT-STE-2026-21604	2026-09-17	Partially Received	39	18	20	1
MR-2026-04676	MAT-STE-2026-21605	2026-09-17	Partially Received	32	16	15	1
MR-2026-04730	MAT-STE-2026-21606	2026-09-17	Partially Received	28	14	14	0
MR-2026-04731	MAT-STE-2026-21607	2026-09-17	Partially Received	15	7	6	2
MR-2026-04732	MAT-STE-2026-21608	2026-09-17	Partially Received	28	13	13	2
MR-2026-04733	MAT-STE-2026-21609	2026-09-17	Partially Received	16	7	8	1
MR-2026-04734	MAT-STE-2026-21610	2026-09-17	Partially Received	20	10	10	0
MR-2026-04735	MAT-STE-2026-21611	2026-09-17	Partially Received	14	7	7	0
MR-2026-04736	MAT-STE-2026-21612	2026-09-17	Partially Received	14	7	6	1
MR-2026-04699	MAT-STE-2026-21656	2026-09-19	Partially Received	79	35	41	3
MR-2026-04700	MAT-STE-2026-21657	2026-09-19	Transferred	235	113	122	0
MR-2026-04833	MAT-STE-2026-21671	2026-09-19	Transferred	43	16	18	9
MR-2026-04836	MAT-STE-2026-21672	2026-09-19	Transferred	51	17	34	0
MR-2026-04837	MAT-STE-2026-21673	2026-09-19	Transferred	57	21	36	0
MR-2026-04679	MAT-STE-2026-21698	2026-09-20	Partially Received	143	54	77	12
MR-2026-04680	MAT-STE-2026-21699	2026-09-20	Partially Received	88	44	44	0
