material_request	stock_entry	status	error	blocker_lines	desktop_carton_lines
MR-2026-03724	MAT-STE-2026-20120	BLOCKED	preflight_failed	2	7
MR-2026-03733	MAT-STE-2026-20121	BLOCKED	preflight_failed	4	9
MR-2026-03743	MAT-STE-2026-20122	CORRECTED		0	9
MR-2026-03753	MAT-STE-2026-20123	BLOCKED	preflight_failed	2	12
MR-2026-03763	MAT-STE-2026-20124	CORRECTED		0	2
MR-2026-03773	MAT-STE-2026-20125	BLOCKED	preflight_failed	1	6
MR-2026-03783	MAT-STE-2026-20126	BLOCKED	preflight_failed	2	11
MR-2026-03793	MAT-STE-2026-20127	BLOCKED	preflight_failed	7	35
MR-2026-03807	MAT-STE-2026-20023	BLOCKED	preflight_failed	1	3
MR-2026-03829	MAT-STE-2026-20306	BLOCKED	preflight_failed	1	24
MR-2026-03836	MAT-STE-2026-20178	BLOCKED	preflight_failed	1	38
MR-2026-03843	MAT-STE-2026-20229	BLOCKED	preflight_failed	5	58
MR-2026-03854	MAT-STE-2026-20307	BLOCKED	preflight_failed	6	50
MR-2026-03864	MAT-STE-2026-20308	BLOCKED	preflight_failed	4	35
MR-2026-03871	MAT-STE-2026-20309	CORRECTED		0	9
MR-2026-03879	MAT-STE-2026-20310	BLOCKED	preflight_failed	3	30
MR-2026-03883	MAT-STE-2026-20439	BLOCKED	preflight_failed	3	54
MR-2026-03887	MAT-STE-2026-20440	BLOCKED	preflight_failed	2	17
MR-2026-03890	MAT-STE-2026-20441	BLOCKED	preflight_failed	1	47
MR-2026-03900	MAT-STE-2026-20411	BLOCKED	preflight_failed	3	33
MR-2026-03907	MAT-STE-2026-20412	BLOCKED	preflight_failed	2	38
MR-2026-03919	MAT-STE-2026-20181	BLOCKED	preflight_failed	3	13
MR-2026-03929	MAT-STE-2026-20182	BLOCKED	preflight_failed	4	7
MR-2026-03942	MAT-STE-2026-20208	BLOCKED	preflight_failed	17	36
MR-2026-03949	MAT-STE-2026-20183	BLOCKED	preflight_failed	6	9
MR-2026-03962	MAT-STE-2026-20202	BLOCKED	preflight_failed	7	19
MR-2026-03975	MAT-STE-2026-20184	EXCLUDED	qty_total_mismatch	0	46
MR-2026-03988	MAT-STE-2026-20186	BLOCKED	preflight_failed	4	13
MR-2026-04001	MAT-STE-2026-20187	BLOCKED	preflight_failed	7	16
MR-2026-04013	MAT-STE-2026-20203	BLOCKED	preflight_failed	7	15
MR-2026-04020	MAT-STE-2026-20204	BLOCKED	preflight_failed	8	15
MR-2026-04033	MAT-STE-2026-20205	BLOCKED	preflight_failed	16	43
MR-2026-04042	MAT-STE-2026-20206	BLOCKED	preflight_failed	3	5
MR-2026-04055	MAT-STE-2026-20207	BLOCKED	preflight_failed	7	19
MR-2026-04069	MAT-STE-2026-20225	CORRECTED		0	1
MR-2026-04075	MAT-STE-2026-20221	CORRECTED		0	1
MR-2026-04082	MAT-STE-2026-20222	CORRECTED		0	2
MR-2026-04090	MAT-STE-2026-20226	CORRECTED		0	5
MR-2026-04095	MAT-STE-2026-20227	CORRECTED		0	3
MR-2026-04100	MAT-STE-2026-20223	CORRECTED		0	3
MR-2026-04109	MAT-STE-2026-20224	CORRECTED		0	7
MR-2026-04114	MAT-STE-2026-20228	CORRECTED		0	2
MR-2026-04127	MAT-STE-2026-20503	BLOCKED	preflight_failed	1	21
MR-2026-04140	MAT-STE-2026-20504	BLOCKED	preflight_failed	2	19
MR-2026-04153	MAT-STE-2026-20473	BLOCKED	preflight_failed	3	17
MR-2026-04166	MAT-STE-2026-20505	BLOCKED	preflight_failed	4	32
MR-2026-04179	MAT-STE-2026-20474	BLOCKED	preflight_failed	1	19
MR-2026-04192	MAT-STE-2026-20506	BLOCKED	preflight_failed	1	14
MR-2026-04203	MAT-STE-2026-20475	BLOCKED	preflight_failed	2	23
MR-2026-04216	MAT-STE-2026-20507	BLOCKED	preflight_failed	1	26
MR-2026-04229	MAT-STE-2026-20476	BLOCKED	preflight_failed	2	12
MR-2026-04241	MAT-STE-2026-20477	CORRECTED		0	10
MR-2026-04254	MAT-STE-2026-20478	BLOCKED	preflight_failed	2	30
MR-2026-04266	MAT-STE-2026-20479	BLOCKED	preflight_failed	1	26
MR-2026-04270	MAT-STE-2026-20230	CORRECTED		0	1
MR-2026-04271	MAT-STE-2026-20280	BLOCKED	preflight_failed	1	1
MR-2026-04272	MAT-STE-2026-20281	BLOCKED	preflight_failed	1	4
MR-2026-04273	MAT-STE-2026-20282	CORRECTED		0	1
MR-2026-04274	MAT-STE-2026-20275	CORRECTED		0	4
MR-2026-04275	MAT-STE-2026-20283	BLOCKED	preflight_failed	2	12
MR-2026-04276	MAT-STE-2026-20284	BLOCKED	preflight_failed	4	9
MR-2026-04277	MAT-STE-2026-20276	BLOCKED	preflight_failed	2	4
MR-2026-04278	MAT-STE-2026-20277	BLOCKED	preflight_failed	1	1
MR-2026-04279	MAT-STE-2026-20278	CORRECTED		0	6
MR-2026-04281	MAT-STE-2026-20279	BLOCKED	preflight_failed	1	3
MR-2026-04282	MAT-STE-2026-20386	CORRECTED		0	1
MR-2026-04283	MAT-STE-2026-20311	BLOCKED	preflight_failed	2	15
MR-2026-04284	MAT-STE-2026-20312	BLOCKED	preflight_failed	5	25
MR-2026-04285	MAT-STE-2026-20432	BLOCKED	preflight_failed	3	18
MR-2026-04286	MAT-STE-2026-20433	BLOCKED	preflight_failed	3	24
MR-2026-04287	MAT-STE-2026-20434	BLOCKED	preflight_failed	3	28
MR-2026-04288	MAT-STE-2026-20435	CORRECTED		0	9
MR-2026-04289	MAT-STE-2026-20436	BLOCKED	preflight_failed	2	21
MR-2026-04290	MAT-STE-2026-20381	BLOCKED	preflight_failed	2	12
MR-2026-04291	MAT-STE-2026-20382	BLOCKED	preflight_failed	5	14
MR-2026-04292	MAT-STE-2026-20383	BLOCKED	preflight_failed	7	20
MR-2026-04293	MAT-STE-2026-20384	BLOCKED	preflight_failed	3	3
MR-2026-04294	MAT-STE-2026-20385	BLOCKED	preflight_failed	2	10
MR-2026-04306	MAT-STE-2026-20675	CORRECTED		0	14
MR-2026-04317	MAT-STE-2026-20676	BLOCKED	preflight_failed	4	16
MR-2026-04329	MAT-STE-2026-20677	BLOCKED	preflight_failed	4	24
MR-2026-04341	MAT-STE-2026-20678	BLOCKED	preflight_failed	9	38
MR-2026-04351	MAT-STE-2026-20679	BLOCKED	preflight_failed	2	8
MR-2026-04364	MAT-STE-2026-20680	BLOCKED	preflight_failed	2	17
MR-2026-04376	MAT-STE-2026-20575	BLOCKED	preflight_failed	3	23
MR-2026-04388	MAT-STE-2026-20576	BLOCKED	preflight_failed	2	21
MR-2026-04399	MAT-STE-2026-20457	BLOCKED	preflight_failed	2	17
MR-2026-04410	MAT-STE-2026-20502	BLOCKED	preflight_failed	2	9
MR-2026-04424	MAT-STE-2026-20577	CORRECTED		0	15
MR-2026-04433	MAT-STE-2026-20578	BLOCKED	preflight_failed	1	19
MR-2026-04442	MAT-STE-2026-20443	BLOCKED	preflight_failed	4	11
MR-2026-04443	MAT-STE-2026-20437	BLOCKED	preflight_failed	6	10
MR-2026-04444	MAT-STE-2026-20444	BLOCKED	preflight_failed	5	16
MR-2026-04445	MAT-STE-2026-20442	DATA_ERROR	qty_total_mismatch	0	24
MR-2026-04449	MAT-STE-2026-20687	DATA_ERROR	qty_total_mismatch	0	70
MR-2026-04481	MAT-STE-2026-20515	CORRECTED		0	1
MR-2026-04493	MAT-STE-2026-20690	CORRECTED		0	4
MR-2026-04503	MAT-STE-2026-20516	CORRECTED		0	1
MR-2026-04510	MAT-STE-2026-20517	CORRECTED		0	1
MR-2026-04520	MAT-STE-2026-20519	CORRECTED		0	3
MR-2026-04530	MAT-STE-2026-20520	CORRECTED		0	1
MR-2026-04656	MAT-STE-2026-21247	BLOCKED	preflight_failed	2	6
MR-2026-04657	MAT-STE-2026-21246	BLOCKED	preflight_failed	2	14
MR-2026-04658	MAT-STE-2026-21245	BLOCKED	preflight_failed	6	31
MR-2026-04659	MAT-STE-2026-21244	BLOCKED	preflight_failed	4	17
MR-2026-04660	MAT-STE-2026-21468	BLOCKED	preflight_failed	2	19
MR-2026-04661	MAT-STE-2026-21469	BLOCKED	preflight_failed	2	11
MR-2026-04662	MAT-STE-2026-21243	BLOCKED	preflight_failed	1	7
MR-2026-04663	MAT-STE-2026-21189	BLOCKED	preflight_failed	1	5
MR-2026-04664	MAT-STE-2026-21242	BLOCKED	preflight_failed	3	5
MR-2026-04665	MAT-STE-2026-21241	BLOCKED	preflight_failed	2	13
MR-2026-04666	MAT-STE-2026-21190	BLOCKED	preflight_failed	3	9
MR-2026-04667	MAT-STE-2026-21598	BLOCKED	preflight_failed	5	12
MR-2026-04668	MAT-STE-2026-21599	BLOCKED	preflight_failed	7	28
MR-2026-04669	MAT-STE-2026-21501	BLOCKED	preflight_failed	4	26
MR-2026-04670	MAT-STE-2026-21600	BLOCKED	preflight_failed	10	42
MR-2026-04671	MAT-STE-2026-21601	CORRECTED		0	10
MR-2026-04672	MAT-STE-2026-21602	BLOCKED	preflight_failed	14	37
MR-2026-04673	MAT-STE-2026-21603	DATA_ERROR	qty_total_mismatch	0	19
MR-2026-04674	MAT-STE-2026-21604	BLOCKED	preflight_failed	6	20
MR-2026-04675	MAT-STE-2026-21191	BLOCKED	preflight_failed	2	12
MR-2026-04676	MAT-STE-2026-21605	DATA_ERROR	qty_total_mismatch	0	20
MR-2026-04677	MAT-STE-2026-21502	BLOCKED	preflight_failed	2	19
MR-2026-04678	MAT-STE-2026-21192	BLOCKED	preflight_failed	1	16
MR-2026-04679	MAT-STE-2026-21698	DATA_ERROR	qty_total_mismatch	0	236
MR-2026-04680	MAT-STE-2026-21699	BLOCKED	preflight_failed	1	46
MR-2026-04699	MAT-STE-2026-21656	BLOCKED	preflight_failed	2	92
MR-2026-04700	MAT-STE-2026-21657	BLOCKED	preflight_failed	1	122
MR-2026-04725	MAT-STE-2026-21489	CORRECTED		0	6
MR-2026-04726	MAT-STE-2026-21490	BLOCKED	preflight_failed	3	33
MR-2026-04727	MAT-STE-2026-21492	BLOCKED	preflight_failed	2	19
MR-2026-04728	MAT-STE-2026-21493	CORRECTED		0	24
MR-2026-04729	MAT-STE-2026-21494	BLOCKED	preflight_failed	1	29
MR-2026-04730	MAT-STE-2026-21606	BLOCKED	preflight_failed	2	30
MR-2026-04731	MAT-STE-2026-21607	CORRECTED		0	38
MR-2026-04732	MAT-STE-2026-21608	BLOCKED	preflight_failed	1	25
MR-2026-04733	MAT-STE-2026-21609	CORRECTED		0	18
MR-2026-04734	MAT-STE-2026-21610	BLOCKED	preflight_failed	1	28
MR-2026-04735	MAT-STE-2026-21611	CORRECTED		0	30
MR-2026-04736	MAT-STE-2026-21612	CORRECTED		0	22
MR-2026-04744	MAT-STE-2026-21495	DATA_ERROR	qty_total_mismatch	0	54
MR-2026-04751	MAT-STE-2026-21496	CORRECTED		0	11
MR-2026-04833	MAT-STE-2026-21671	BLOCKED	preflight_failed	7	30
MR-2026-04836	MAT-STE-2026-21672	BLOCKED	preflight_failed	4	18
MR-2026-04837	MAT-STE-2026-21673	BLOCKED	preflight_failed	6	23
