material_request	stock_entry	status	blocker_carton_lines	unique_cartons_to_recount	desktop_carton_lines
MR-2026-03724	MAT-STE-2026-20120	BLOCKED	2	2	7
MR-2026-03733	MAT-STE-2026-20121	BLOCKED	4	4	9
MR-2026-03753	MAT-STE-2026-20123	BLOCKED	2	2	12
MR-2026-03773	MAT-STE-2026-20125	BLOCKED	1	1	6
MR-2026-03783	MAT-STE-2026-20126	BLOCKED	2	2	11
MR-2026-03793	MAT-STE-2026-20127	BLOCKED	7	7	35
MR-2026-03807	MAT-STE-2026-20023	BLOCKED	1	1	3
MR-2026-03829	MAT-STE-2026-20306	BLOCKED	1	1	24
MR-2026-03836	MAT-STE-2026-20178	BLOCKED	1	1	38
MR-2026-03843	MAT-STE-2026-20229	BLOCKED	5	5	58
MR-2026-03854	MAT-STE-2026-20307	BLOCKED	6	6	50
MR-2026-03864	MAT-STE-2026-20308	BLOCKED	4	4	35
MR-2026-03879	MAT-STE-2026-20310	BLOCKED	3	3	30
MR-2026-03883	MAT-STE-2026-20439	BLOCKED	3	3	54
MR-2026-03887	MAT-STE-2026-20440	BLOCKED	2	2	17
MR-2026-03890	MAT-STE-2026-20441	BLOCKED	1	1	47
MR-2026-03900	MAT-STE-2026-20411	BLOCKED	3	3	33
MR-2026-03907	MAT-STE-2026-20412	BLOCKED	2	2	38
MR-2026-03919	MAT-STE-2026-20181	BLOCKED	3	3	13
MR-2026-03929	MAT-STE-2026-20182	BLOCKED	4	4	7
MR-2026-03942	MAT-STE-2026-20208	BLOCKED	17	17	36
MR-2026-03949	MAT-STE-2026-20183	BLOCKED	6	6	9
MR-2026-03962	MAT-STE-2026-20202	BLOCKED	7	7	19
MR-2026-03988	MAT-STE-2026-20186	BLOCKED	4	4	13
MR-2026-04001	MAT-STE-2026-20187	BLOCKED	7	7	16
MR-2026-04013	MAT-STE-2026-20203	BLOCKED	7	7	15
MR-2026-04020	MAT-STE-2026-20204	BLOCKED	8	8	15
MR-2026-04033	MAT-STE-2026-20205	BLOCKED	16	16	43
MR-2026-04042	MAT-STE-2026-20206	BLOCKED	3	3	5
MR-2026-04055	MAT-STE-2026-20207	BLOCKED	7	7	19
MR-2026-04127	MAT-STE-2026-20503	BLOCKED	1	1	21
MR-2026-04140	MAT-STE-2026-20504	BLOCKED	2	2	19
MR-2026-04153	MAT-STE-2026-20473	BLOCKED	3	3	17
MR-2026-04166	MAT-STE-2026-20505	BLOCKED	4	4	32
MR-2026-04179	MAT-STE-2026-20474	BLOCKED	1	1	19
MR-2026-04192	MAT-STE-2026-20506	BLOCKED	1	1	14
MR-2026-04203	MAT-STE-2026-20475	BLOCKED	2	2	23
MR-2026-04216	MAT-STE-2026-20507	BLOCKED	1	1	26
MR-2026-04229	MAT-STE-2026-20476	BLOCKED	2	2	12
MR-2026-04254	MAT-STE-2026-20478	BLOCKED	2	2	30
MR-2026-04266	MAT-STE-2026-20479	BLOCKED	1	1	26
MR-2026-04271	MAT-STE-2026-20280	BLOCKED	1	1	1
MR-2026-04272	MAT-STE-2026-20281	BLOCKED	1	1	4
MR-2026-04275	MAT-STE-2026-20283	BLOCKED	2	2	12
MR-2026-04276	MAT-STE-2026-20284	BLOCKED	4	4	9
MR-2026-04277	MAT-STE-2026-20276	BLOCKED	2	2	4
MR-2026-04278	MAT-STE-2026-20277	BLOCKED	1	1	1
MR-2026-04281	MAT-STE-2026-20279	BLOCKED	1	1	3
MR-2026-04283	MAT-STE-2026-20311	BLOCKED	2	2	15
MR-2026-04284	MAT-STE-2026-20312	BLOCKED	5	5	25
MR-2026-04285	MAT-STE-2026-20432	BLOCKED	3	3	18
MR-2026-04286	MAT-STE-2026-20433	BLOCKED	3	3	24
MR-2026-04287	MAT-STE-2026-20434	BLOCKED	3	3	28
MR-2026-04289	MAT-STE-2026-20436	BLOCKED	2	2	21
MR-2026-04290	MAT-STE-2026-20381	BLOCKED	2	2	12
MR-2026-04291	MAT-STE-2026-20382	BLOCKED	5	5	14
MR-2026-04292	MAT-STE-2026-20383	BLOCKED	7	7	20
MR-2026-04293	MAT-STE-2026-20384	BLOCKED	3	3	3
MR-2026-04294	MAT-STE-2026-20385	BLOCKED	2	2	10
MR-2026-04317	MAT-STE-2026-20676	BLOCKED	4	4	16
MR-2026-04329	MAT-STE-2026-20677	BLOCKED	4	4	24
MR-2026-04341	MAT-STE-2026-20678	BLOCKED	9	9	38
MR-2026-04351	MAT-STE-2026-20679	BLOCKED	2	2	8
MR-2026-04364	MAT-STE-2026-20680	BLOCKED	2	2	17
MR-2026-04376	MAT-STE-2026-20575	BLOCKED	3	3	23
MR-2026-04388	MAT-STE-2026-20576	BLOCKED	2	2	21
MR-2026-04399	MAT-STE-2026-20457	BLOCKED	2	2	17
MR-2026-04410	MAT-STE-2026-20502	BLOCKED	2	2	9
MR-2026-04433	MAT-STE-2026-20578	BLOCKED	1	1	19
MR-2026-04442	MAT-STE-2026-20443	BLOCKED	4	4	11
MR-2026-04443	MAT-STE-2026-20437	BLOCKED	6	6	10
MR-2026-04444	MAT-STE-2026-20444	BLOCKED	5	5	16
MR-2026-04445	MAT-STE-2026-20442	DATA_ERROR	0	0	24
MR-2026-04449	MAT-STE-2026-20687	DATA_ERROR	0	0	70
MR-2026-04656	MAT-STE-2026-21247	BLOCKED	2	2	6
MR-2026-04657	MAT-STE-2026-21246	BLOCKED	2	2	14
MR-2026-04658	MAT-STE-2026-21245	BLOCKED	6	6	31
MR-2026-04659	MAT-STE-2026-21244	BLOCKED	4	4	17
MR-2026-04660	MAT-STE-2026-21468	BLOCKED	2	2	19
MR-2026-04661	MAT-STE-2026-21469	BLOCKED	2	2	11
MR-2026-04662	MAT-STE-2026-21243	BLOCKED	1	1	7
MR-2026-04663	MAT-STE-2026-21189	BLOCKED	1	1	5
MR-2026-04664	MAT-STE-2026-21242	BLOCKED	3	3	5
MR-2026-04665	MAT-STE-2026-21241	BLOCKED	2	2	13
MR-2026-04666	MAT-STE-2026-21190	BLOCKED	3	3	9
MR-2026-04667	MAT-STE-2026-21598	BLOCKED	5	5	12
MR-2026-04668	MAT-STE-2026-21599	BLOCKED	7	7	28
MR-2026-04669	MAT-STE-2026-21501	BLOCKED	4	4	26
MR-2026-04670	MAT-STE-2026-21600	BLOCKED	10	10	42
MR-2026-04672	MAT-STE-2026-21602	BLOCKED	14	14	37
MR-2026-04673	MAT-STE-2026-21603	DATA_ERROR	0	0	19
MR-2026-04674	MAT-STE-2026-21604	BLOCKED	6	6	20
MR-2026-04675	MAT-STE-2026-21191	BLOCKED	2	2	12
MR-2026-04676	MAT-STE-2026-21605	DATA_ERROR	0	0	20
MR-2026-04677	MAT-STE-2026-21502	BLOCKED	2	2	19
MR-2026-04678	MAT-STE-2026-21192	BLOCKED	1	1	16
MR-2026-04679	MAT-STE-2026-21698	DATA_ERROR	0	0	236
MR-2026-04680	MAT-STE-2026-21699	BLOCKED	1	1	46
MR-2026-04699	MAT-STE-2026-21656	BLOCKED	2	2	92
MR-2026-04700	MAT-STE-2026-21657	BLOCKED	1	1	122
MR-2026-04726	MAT-STE-2026-21490	BLOCKED	3	3	33
MR-2026-04727	MAT-STE-2026-21492	BLOCKED	2	2	19
MR-2026-04729	MAT-STE-2026-21494	BLOCKED	1	1	29
MR-2026-04730	MAT-STE-2026-21606	BLOCKED	2	2	30
MR-2026-04732	MAT-STE-2026-21608	BLOCKED	1	1	25
MR-2026-04734	MAT-STE-2026-21610	BLOCKED	1	1	28
MR-2026-04744	MAT-STE-2026-21495	DATA_ERROR	0	0	54
MR-2026-04833	MAT-STE-2026-21671	BLOCKED	7	7	30
MR-2026-04836	MAT-STE-2026-21672	BLOCKED	4	4	18
MR-2026-04837	MAT-STE-2026-21673	BLOCKED	6	6	23
