material_request	stock_entry	item_code	bin_location	carton_id	desktop_qty_to_verify	erp_wrong_carton_qty	erp_wms_balance_now	is_blocker	blocker_reason	team_verified	team_confirmed_qty	team_notes
MR-2026-04443	MAT-STE-2026-20437	232350	L017-OWPALT-024A	CNWH51363	1.0	0.0	0.0	Y	insufficient_balance			
MR-2026-04442	MAT-STE-2026-20443	232350	L017-OWPALT-024A	CNWH62401	1.0	0.0	0.0	Y	insufficient_balance			
MR-2026-04444	MAT-STE-2026-20444	232350	L017-OWPALT-030C	CNWH45292	1.0	0.0	0.0	Y	insufficient_balance			
MR-2026-04443	MAT-STE-2026-20437	232362	L017-OWPALT-024A	CNWH51363	2.0	0.0	0.0	Y	insufficient_balance			
MR-2026-04442	MAT-STE-2026-20443	232362	L017-OWPALT-039B	CNWH65812	2.0	0.0	0.0	Y	insufficient_balance			
MR-2026-04444	MAT-STE-2026-20444	232362	L017-OWPALT-039B	CNWH65812	3.0	2.0	0.0	Y	insufficient_balance			
MR-2026-04443	MAT-STE-2026-20437	232374	L017-OWPALT-024A	CNWH51363	2.0	0.0	0.0	Y	insufficient_balance			
MR-2026-04442	MAT-STE-2026-20443	232375	L017-OWPALT-024A	CNWH51363	3.0	0.0	0.0	Y	insufficient_balance			
MR-2026-04443	MAT-STE-2026-20437	232375	L017-OWPALT-024A	CNWH51363	3.0	0.0	0.0	Y	insufficient_balance			
MR-2026-04444	MAT-STE-2026-20444	232375	L017-OWPALT-039B	CNWH65812	3.0	0.0	0.0	Y	insufficient_balance			
MR-2026-04443	MAT-STE-2026-20437	232381	L017-OWPALT-024A	CNWH51363	1.0	0.0	0.0	Y	insufficient_balance			
MR-2026-04443	MAT-STE-2026-20437	232393	L017-OWPALT-024A	CNWH51363	1.0	0.0	0.0	Y	insufficient_balance			
MR-2026-04444	MAT-STE-2026-20444	232398	L017-OWPALT-024A	CNWH62401	1.0	0.0	0.0	Y	insufficient_balance			
MR-2026-04444	MAT-STE-2026-20444	232399	L017-OWPALT-024A	CNWH51363	1.0	0.0	0.0	Y	insufficient_balance			
MR-2026-04442	MAT-STE-2026-20443	232399	L017-OWPALT-039B	CNWH65812	1.0	0.0	0.0	Y	insufficient_balance			
MR-2026-04668	MAT-STE-2026-21599	247782	L001-OWPALT-032A	CNWH69723	1.0	0.0	0.0	Y	insufficient_balance			
MR-2026-04674	MAT-STE-2026-21604	247782	L001-OWPALT-049A	CNWH12844	9.0	3.0	5.0	Y	insufficient_balance			
MR-2026-04672	MAT-STE-2026-21602	247782	L001-OWPALT-071B	CNWH60756	1.0	0.0	0.0	Y	insufficient_balance			
MR-2026-04675	MAT-STE-2026-21191	256097	L001-OWPALT-056A	CNWH15350	1.0	0.0	0.0	Y	insufficient_balance			
MR-2026-04674	MAT-STE-2026-21604	263315	L001-OWPALT-033A	CNWH69814	1.0	0.0	0.0	Y	insufficient_balance			
MR-2026-04670	MAT-STE-2026-21600	263315	L001-OWPALT-051C	CNWH10839	1.0	0.0	0.0	Y	insufficient_balance			
MR-2026-04667	MAT-STE-2026-21598	263315	L003-OWPALT-049A	CNWH69296	1.0	0.0	0.0	Y	insufficient_balance			
MR-2026-04669	MAT-STE-2026-21501	263315	L003-OWPALT-054C	CNWH69300	1.0	0.0	0.0	Y	insufficient_balance			
MR-2026-04700	MAT-STE-2026-21657	265752	L015-OWPALT-003C	CNWH66201	1.0	0.0	0.0	Y	insufficient_balance			
MR-2026-04667	MAT-STE-2026-21598	267358	L002-OWPALT-009A	CNWH56699	1.0	0.0	0.0	Y	insufficient_balance			
MR-2026-04672	MAT-STE-2026-21602	267358	L002-OWPALT-010B	CNWH05636	1.0	0.0	0.0	Y	insufficient_balance			
MR-2026-04672	MAT-STE-2026-21602	267358	L002-OWPALT-010B	CNWH51081	1.0	0.0	0.0	Y	insufficient_balance			
MR-2026-04672	MAT-STE-2026-21602	267358	L002-OWPALT-016A	CNWH62428	1.0	0.0	0.0	Y	insufficient_balance			
MR-2026-04672	MAT-STE-2026-21602	267358	L002-OWPALT-026B	CNWH67858	1.0	0.0	0.0	Y	insufficient_balance			
MR-2026-04674	MAT-STE-2026-21604	267358	L002-OWPALT-032A	CNWH25896	1.0	0.0	0.0	Y	insufficient_balance			
MR-2026-04669	MAT-STE-2026-21501	267358	L002-OWPALT-032A	CNWH25899	1.0	0.0	0.0	Y	insufficient_balance			
MR-2026-04672	MAT-STE-2026-21602	267358	L002-OWPALT-058B	CNWH12695	1.0	0.0	0.0	Y	insufficient_balance			
MR-2026-04672	MAT-STE-2026-21602	267358	L002-OWPALT-058B	CNWH42249	1.0	0.0	0.0	Y	insufficient_balance			
MR-2026-04672	MAT-STE-2026-21602	267358	L002-OWPALT-058B	CNWH63602	1.0	0.0	0.0	Y	insufficient_balance			
MR-2026-04669	MAT-STE-2026-21501	267358	L002-OWPALT-064A	CNWH05711	1.0	0.0	0.0	Y	insufficient_balance			
MR-2026-04670	MAT-STE-2026-21600	267358	L003-OWPALT-031B	CNWH05673	1.0	0.0	0.0	Y	insufficient_balance			
MR-2026-04668	MAT-STE-2026-21599	267358	L003-OWPALT-031B	CNWH05674	1.0	0.0	0.0	Y	insufficient_balance			
MR-2026-04668	MAT-STE-2026-21599	267358	L003-OWPALT-031B	CNWH05676	1.0	0.0	0.0	Y	insufficient_balance			
MR-2026-04670	MAT-STE-2026-21600	267358	L003-OWPALT-031B	CNWH05677	1.0	0.0	0.0	Y	insufficient_balance			
MR-2026-04670	MAT-STE-2026-21600	267358	L003-OWPALT-031B	CNWH05678	1.0	0.0	0.0	Y	insufficient_balance			
MR-2026-04670	MAT-STE-2026-21600	267358	L003-OWPALT-031B	CNWH15147	1.0	0.0	0.0	Y	insufficient_balance			
MR-2026-04670	MAT-STE-2026-21600	267358	L003-OWPALT-031B	CNWH15148	1.0	0.0	0.0	Y	insufficient_balance			
MR-2026-04670	MAT-STE-2026-21600	267358	L003-OWPALT-031B	CNWH15151	1.0	0.0	0.0	Y	insufficient_balance			
MR-2026-04667	MAT-STE-2026-21598	267358	L003-OWPALT-049A	CNWH05616	2.0	0.0	0.0	Y	insufficient_balance			
MR-2026-04672	MAT-STE-2026-21602	267358	L003-OWPALT-051C	CNWH05685	1.0	0.0	0.0	Y	insufficient_balance			
MR-2026-04668	MAT-STE-2026-21599	267358	L003-OWPALT-056A	CNWH15146	1.0	0.0	0.0	Y	insufficient_balance			
MR-2026-04680	MAT-STE-2026-21699	286394	L008-OWSHEL-018F	CNWH62359	1.0	0.0	0.0	Y	insufficient_balance			
MR-2026-04699	MAT-STE-2026-21656	287132	L008-OWSHEL-009D	CNWH66050	2.0	0.0	0.0	Y	insufficient_balance			
MR-2026-04699	MAT-STE-2026-21656	287133	L008-OWSHEL-009D	CNWH66050	1.0	0.0	0.0	Y	insufficient_balance			
MR-2026-04672	MAT-STE-2026-21602	287705	L001-OWPALT-016A	CNWH15935	1.0	0.0	0.0	Y	insufficient_balance			
MR-2026-04672	MAT-STE-2026-21602	287705	L001-OWPALT-016A	CNWH15937	1.0	0.0	0.0	Y	insufficient_balance			
MR-2026-04410	MAT-STE-2026-20502	302018	L016-OWPALT-015B	CNWH64938	2.0	0.0	1.0	Y	insufficient_balance			
MR-2026-04364	MAT-STE-2026-20680	302018	L016-OWPALT-015B	CNWH66168	1.0	0.0	0.0	Y	insufficient_balance			
MR-2026-04351	MAT-STE-2026-20679	302024	L009-OWSHEL-043F	CNWH64363	1.0	0.0	0.0	Y	insufficient_balance			
MR-2026-04410	MAT-STE-2026-20502	302035	L009-OWSHEL-012A	CNWH66420	2.0	0.0	1.0	Y	insufficient_balance			
MR-2026-04399	MAT-STE-2026-20457	302035	L009-OWSHEL-027C	CNWH60198	2.0	0.0	1.0	Y	insufficient_balance			
MR-2026-04341	MAT-STE-2026-20678	302041	L009-OWSHEL-007F	CNWH64300	1.0	0.0	0.0	Y	insufficient_balance			
MR-2026-04433	MAT-STE-2026-20578	302041	L009-OWSHEL-020E	CNWH54884	1.0	0.0	0.0	Y	insufficient_balance			
MR-2026-04329	MAT-STE-2026-20677	302041	L009-OWSHEL-041E	CNWH55840	1.0	0.0	0.0	Y	insufficient_balance			
MR-2026-04341	MAT-STE-2026-20678	302041	L010-OWSHEL-044E	CNWH65115	1.0	0.0	0.0	Y	insufficient_balance			
MR-2026-04329	MAT-STE-2026-20677	302043	L016-OWPALT-015B	CNWH64938	2.0	1.0	0.0	Y	insufficient_balance			
MR-2026-04364	MAT-STE-2026-20680	302053	L009-OWSHEL-012A	CNWH66420	1.0	0.0	0.0	Y	insufficient_balance			
MR-2026-04317	MAT-STE-2026-20676	302053	L009-OWSHEL-027C	CNWH66782	1.0	0.0	0.0	Y	insufficient_balance			
MR-2026-04341	MAT-STE-2026-20678	302053	L009-OWSHEL-027C	CNWH66782	1.0	0.0	0.0	Y	insufficient_balance			
MR-2026-04341	MAT-STE-2026-20678	302083	L016-OWPALT-015B	CNWH64938	1.0	0.0	0.0	Y	insufficient_balance			
MR-2026-04376	MAT-STE-2026-20575	302091	L016-OWPALT-032A	CNWH66081	1.0	0.0	0.0	Y	insufficient_balance			
MR-2026-04317	MAT-STE-2026-20676	302096	L009-OWSHEL-027C	CNWH60469	1.0	0.0	0.0	Y	insufficient_balance			
MR-2026-04388	MAT-STE-2026-20576	302096	L016-OWPALT-032A	CNWH66732	2.0	1.0	0.0	Y	insufficient_balance			
MR-2026-04667	MAT-STE-2026-21598	303910	L002-OWPALT-049A	CNWH49432	1.0	0.0	0.0	Y	insufficient_balance			
MR-2026-04674	MAT-STE-2026-21604	303910	L002-OWPALT-049A	CNWH49561	1.0	0.0	0.0	Y	insufficient_balance			
MR-2026-04677	MAT-STE-2026-21502	303910	L002-OWPALT-049A	CNWH49562	1.0	0.0	0.0	Y	insufficient_balance			
MR-2026-04670	MAT-STE-2026-21600	303910	L002-OWPALT-049A	CNWH49563	1.0	0.0	0.0	Y	insufficient_balance			
MR-2026-04669	MAT-STE-2026-21501	308315	L002-OWPALT-034B	CNWH44167	1.0	0.0	0.0	Y	insufficient_balance			
MR-2026-04388	MAT-STE-2026-20576	314533	L010-OWSHEL-044E	CNWH65115	1.0	0.0	0.0	Y	insufficient_balance			
MR-2026-04341	MAT-STE-2026-20678	314546	L009-OWSHEL-006F	CNWH64315	1.0	0.0	0.0	Y	insufficient_balance			
MR-2026-04376	MAT-STE-2026-20575	314546	L009-OWSHEL-009D	CNWH66449	4.0	0.0	3.0	Y	insufficient_balance			
MR-2026-04341	MAT-STE-2026-20678	314570	L009-OWSHEL-009D	CNWH66449	1.0	0.0	0.0	Y	insufficient_balance			
MR-2026-04341	MAT-STE-2026-20678	314571	L009-OWSHEL-009D	CNWH66449	4.0	0.0	2.0	Y	insufficient_balance			
MR-2026-04317	MAT-STE-2026-20676	314571	L009-OWSHEL-037A	CNWH62624	2.0	0.0	0.0	Y	insufficient_balance			
MR-2026-04317	MAT-STE-2026-20676	314577	L009-OWSHEL-006F	CNWH64315	2.0	0.0	0.0	Y	insufficient_balance			
MR-2026-04329	MAT-STE-2026-20677	314577	L009-OWSHEL-006F	CNWH64315	1.0	0.0	0.0	Y	insufficient_balance			
MR-2026-04399	MAT-STE-2026-20457	314577	L009-OWSHEL-009D	CNWH66449	3.0	0.0	1.0	Y	insufficient_balance			
MR-2026-04351	MAT-STE-2026-20679	314583	L009-OWSHEL-043F	CNWH64288	1.0	0.0	0.0	Y	insufficient_balance			
MR-2026-03793	MAT-STE-2026-20127	314638	B006-OWSHEL-015C	CNWH52126	1.0	0.0	0.0	Y	insufficient_balance			
MR-2026-03724	MAT-STE-2026-20120	314638	B006-OWSHEL-015C	CNWH52128	2.0	1.0	0.0	Y	insufficient_balance			
MR-2026-03793	MAT-STE-2026-20127	314659	B006-OWSHEL-015C	CNWH52073	3.0	0.0	0.0	Y	insufficient_balance			
MR-2026-03753	MAT-STE-2026-20123	314659	B006-OWSHEL-015C	CNWH52104	1.0	0.0	0.0	Y	insufficient_balance			
MR-2026-03753	MAT-STE-2026-20123	314659	B006-OWSHEL-015C	CNWH52128	1.0	0.0	0.0	Y	insufficient_balance			
MR-2026-04837	MAT-STE-2026-21673	315135	L022-OWPALT-008A	CNWH67084	30.0	0.0	17.0	Y	insufficient_balance			
MR-2026-04836	MAT-STE-2026-21672	315135	L022-OWPALT-009A	CNWH65601	30.0	0.0	24.0	Y	insufficient_balance			
MR-2026-04836	MAT-STE-2026-21672	315138	L022-OWPALT-002B	CNWH64772	10.0	0.0	0.0	Y	insufficient_balance			
MR-2026-04837	MAT-STE-2026-21673	315138	L022-OWPALT-002B	CNWH64772	11.0	0.0	0.0	Y	insufficient_balance			
MR-2026-04833	MAT-STE-2026-21671	315139	L022-OWPALT-002B	CNWH65676	21.0	0.0	0.0	Y	insufficient_balance			
MR-2026-04837	MAT-STE-2026-21673	315139	L022-OWPALT-002B	CNWH65676	20.0	0.0	0.0	Y	insufficient_balance			
MR-2026-04836	MAT-STE-2026-21672	315139	L022-OWPALT-007B	CNWH66165	26.0	0.0	13.0	Y	insufficient_balance			
MR-2026-04833	MAT-STE-2026-21671	315140	L022-OWPALT-008A	CNWH65790	30.0	0.0	16.0	Y	insufficient_balance			
MR-2026-04833	MAT-STE-2026-21671	315141	L022-OWPALT-002B	CNWH65676	7.0	0.0	0.0	Y	insufficient_balance			
MR-2026-04837	MAT-STE-2026-21673	315142	L022-OWPALT-002B	CNWH64772	3.0	0.0	0.0	Y	insufficient_balance			
MR-2026-04837	MAT-STE-2026-21673	315142	L022-OWPALT-002B	CNWH65675	16.0	0.0	3.0	Y	insufficient_balance			
MR-2026-04833	MAT-STE-2026-21671	315142	L022-OWPALT-002B	CNWH69833	4.0	0.0	2.0	Y	insufficient_balance			
MR-2026-04833	MAT-STE-2026-21671	315144	L022-OWPALT-003C	CNWH56092	4.0	0.0	0.0	Y	insufficient_balance			
MR-2026-04833	MAT-STE-2026-21671	315145	L022-OWPALT-001A	CNWH54915	23.0	17.0	0.0	Y	insufficient_balance			
MR-2026-04836	MAT-STE-2026-21672	315145	L022-OWPALT-007B	CNWH54860	30.0	0.0	28.0	Y	insufficient_balance			
MR-2026-04833	MAT-STE-2026-21671	315148	L022-OWPALT-003C	CNWH65495	6.0	0.0	0.0	Y	insufficient_balance			
MR-2026-04837	MAT-STE-2026-21673	315149	L022-OWPALT-009A	CNWH65569	2.0	0.0	1.0	Y	insufficient_balance			
MR-2026-03733	MAT-STE-2026-20121	318477	B004-OWSHEL-003C	CNWH62227	2.0	0.0	0.0	Y	insufficient_balance			
MR-2026-03793	MAT-STE-2026-20127	318477	B004-OWSHEL-003C	CNWH62230	1.0	0.0	0.0	Y	insufficient_balance			
MR-2026-03807	MAT-STE-2026-20023	318477	B004-OWSHEL-024A	CNWH55660	2.0	0.0	0.0	Y	insufficient_balance			
MR-2026-03783	MAT-STE-2026-20126	318483	B004-OWSHEL-023B	CNWH55593	1.0	0.0	0.0	Y	insufficient_balance			
MR-2026-03793	MAT-STE-2026-20127	318483	B005-OWSHEL-003C	CNWH62258	1.0	0.0	0.0	Y	insufficient_balance			
MR-2026-03793	MAT-STE-2026-20127	318505	B002-OWSHEL-011B	CNWH55589	1.0	0.0	0.0	Y	insufficient_balance			
MR-2026-03793	MAT-STE-2026-20127	318505	B002-OWSHEL-011B	CNWH55597	1.0	0.0	0.0	Y	insufficient_balance			
MR-2026-03733	MAT-STE-2026-20121	318505	B003-OWSHEL-012A	CNWH55600	2.0	0.0	1.0	Y	insufficient_balance			
MR-2026-03733	MAT-STE-2026-20121	318505	B003-OWSHEL-012A	CNWH69232	1.0	0.0	0.0	Y	insufficient_balance			
MR-2026-03773	MAT-STE-2026-20125	318505	B004-OWSHEL-023B	CNWH55547	2.0	0.0	0.0	Y	insufficient_balance			
MR-2026-03724	MAT-STE-2026-20120	318505	B004-OWSHEL-024A	CNWH55609	2.0	0.0	1.0	Y	insufficient_balance			
MR-2026-03783	MAT-STE-2026-20126	318519	B003-OWSHEL-012A	CNWH55600	2.0	1.0	0.0	Y	insufficient_balance			
MR-2026-04677	MAT-STE-2026-21502	320124	L001-OWPALT-057A	CNWH50788	5.0	0.0	2.0	Y	insufficient_balance			
MR-2026-04678	MAT-STE-2026-21192	320124	L001-OWPALT-064A	CNWH64575	1.0	0.0	0.0	Y	insufficient_balance			
MR-2026-04670	MAT-STE-2026-21600	320125	L001-OWPALT-057A	CNWH64585	2.0	0.0	1.0	Y	insufficient_balance			
MR-2026-04675	MAT-STE-2026-21191	320125	L001-OWPALT-057A	CNWH64587	4.0	0.0	2.0	Y	insufficient_balance			
MR-2026-04674	MAT-STE-2026-21604	320125	L001-OWPALT-057A	CNWH64591	4.0	0.0	0.0	Y	insufficient_balance			
MR-2026-04672	MAT-STE-2026-21602	320125	L001-OWPALT-065A	CNWH55406	1.0	0.0	0.0	Y	insufficient_balance			
MR-2026-04674	MAT-STE-2026-21604	320126	L001-OWPALT-041A	CNWH64556	6.0	0.0	0.0	Y	insufficient_balance			
MR-2026-04668	MAT-STE-2026-21599	320127	L001-OWPALT-049A	CNWH67848	1.0	0.0	0.0	Y	insufficient_balance			
MR-2026-04672	MAT-STE-2026-21602	320127	L001-OWPALT-065A	CNWH64589	1.0	0.0	0.0	Y	insufficient_balance			
MR-2026-04203	MAT-STE-2026-20475	321202	L010-OWSHEL-017E	CNWH59714	1.0	0.0	0.0	Y	insufficient_balance			
MR-2026-04216	MAT-STE-2026-20507	321202	L010-OWSHEL-017E	CNWH59714	1.0	0.0	0.0	Y	insufficient_balance			
MR-2026-04229	MAT-STE-2026-20476	321202	L010-OWSHEL-017E	CNWH59735	2.0	0.0	0.0	Y	insufficient_balance			
MR-2026-04153	MAT-STE-2026-20473	321202	L016-OWPALT-010B	CNWH54161	1.0	0.0	0.0	Y	insufficient_balance			
MR-2026-04229	MAT-STE-2026-20476	321202	L016-OWPALT-026B	CNWH59191	1.0	0.0	0.0	Y	insufficient_balance			
MR-2026-04179	MAT-STE-2026-20474	321202	L016-OWPALT-026B	CNWH64810	4.0	1.0	0.0	Y	insufficient_balance			
MR-2026-03942	MAT-STE-2026-20208	321981	B002-OWSHEL-011B	CNWH68296	1.0	0.0	0.0	Y	insufficient_balance			
MR-2026-04020	MAT-STE-2026-20204	321981	B002-OWSHEL-013A	CNWH63836	3.0	0.0	1.0	Y	insufficient_balance			
MR-2026-04055	MAT-STE-2026-20207	321981	B002-OWSHEL-014B	CNWH63827	1.0	0.0	0.0	Y	insufficient_balance			
MR-2026-04042	MAT-STE-2026-20206	321981	B003-OWSHEL-025A	CNWH63763	3.0	0.0	2.0	Y	insufficient_balance			
MR-2026-04659	MAT-STE-2026-21244	321981	B003-OWSHEL-025A	CNWH63766	2.0	0.0	0.0	Y	insufficient_balance			
MR-2026-03949	MAT-STE-2026-20183	321981	B004-OWSHEL-002B	CNWH63880	1.0	0.0	0.0	Y	insufficient_balance			
MR-2026-04033	MAT-STE-2026-20205	321982	B003-OWSHEL-001A	CNWH63826	1.0	0.0	0.0	Y	insufficient_balance			
MR-2026-04001	MAT-STE-2026-20187	321982	B003-OWSHEL-025A	CNWH63740	1.0	0.0	0.0	Y	insufficient_balance			
MR-2026-04033	MAT-STE-2026-20205	321982	B005-OWSHEL-003C	CNWH64828	2.0	1.0	0.0	Y	insufficient_balance			
MR-2026-04020	MAT-STE-2026-20204	321985	B003-OWSHEL-025A	CNWH63735	1.0	0.0	0.0	Y	insufficient_balance			
MR-2026-04001	MAT-STE-2026-20187	321985	B003-OWSHEL-025A	CNWH63766	1.0	0.0	0.0	Y	insufficient_balance			
MR-2026-04001	MAT-STE-2026-20187	321985	B003-OWSHEL-025A	CNWH63785	1.0	0.0	0.0	Y	insufficient_balance			
MR-2026-04020	MAT-STE-2026-20204	321985	B003-OWSHEL-025A	CNWH63785	1.0	0.0	0.0	Y	insufficient_balance			
MR-2026-04662	MAT-STE-2026-21243	321985	B004-OWSHEL-001A	CNWH63777	2.0	0.0	1.0	Y	insufficient_balance			
MR-2026-04664	MAT-STE-2026-21242	321985	B004-OWSHEL-001A	CNWH63778	1.0	0.0	0.0	Y	insufficient_balance			
MR-2026-03919	MAT-STE-2026-20181	321985	B004-OWSHEL-002B	CNWH64002	2.0	0.0	1.0	Y	insufficient_balance			
MR-2026-03942	MAT-STE-2026-20208	321986	B003-OWSHEL-025A	CNWH63735	1.0	0.0	0.0	Y	insufficient_balance			
MR-2026-04658	MAT-STE-2026-21245	321988	B004-OWSHEL-001A	CNWH63776	2.0	0.0	0.0	Y	insufficient_balance			
MR-2026-04020	MAT-STE-2026-20204	321988	B004-OWSHEL-001A	CNWH63777	2.0	0.0	1.0	Y	insufficient_balance			
MR-2026-04656	MAT-STE-2026-21247	321988	B004-OWSHEL-001A	CNWH63778	1.0	0.0	0.0	Y	insufficient_balance			
MR-2026-04666	MAT-STE-2026-21190	321988	B004-OWSHEL-002B	CNWH63775	3.0	0.0	2.0	Y	insufficient_balance			
MR-2026-04001	MAT-STE-2026-20187	321991	B004-OWSHEL-026B	CNWH63921	1.0	0.0	0.0	Y	insufficient_balance			
MR-2026-04013	MAT-STE-2026-20203	321991	B004-OWSHEL-026B	CNWH63921	1.0	0.0	0.0	Y	insufficient_balance			
MR-2026-04020	MAT-STE-2026-20204	321991	B005-OWSHEL-002B	CNWH63950	2.0	0.0	0.0	Y	insufficient_balance			
MR-2026-03942	MAT-STE-2026-20208	321992	B003-OWSHEL-001A	CNWH65125	2.0	0.0	0.0	Y	insufficient_balance			
MR-2026-04013	MAT-STE-2026-20203	321992	B004-OWSHEL-026B	CNWH63746	3.0	0.0	2.0	Y	insufficient_balance			
MR-2026-04013	MAT-STE-2026-20203	321992	B004-OWSHEL-026B	CNWH64212	2.0	0.0	0.0	Y	insufficient_balance			
MR-2026-03929	MAT-STE-2026-20182	321992	B005-OWSHEL-002B	CNWH63950	3.0	0.0	1.0	Y	insufficient_balance			
MR-2026-04663	MAT-STE-2026-21189	321992	B005-OWSHEL-002B	CNWH63960	1.0	0.0	0.0	Y	insufficient_balance			
MR-2026-04664	MAT-STE-2026-21242	321992	B005-OWSHEL-002B	CNWH63960	2.0	0.0	0.0	Y	insufficient_balance			
MR-2026-03942	MAT-STE-2026-20208	321993	B005-OWSHEL-002B	CNWH63950	2.0	0.0	0.0	Y	insufficient_balance			
MR-2026-04020	MAT-STE-2026-20204	321993	B005-OWSHEL-002B	CNWH63950	2.0	0.0	0.0	Y	insufficient_balance			
MR-2026-04033	MAT-STE-2026-20205	321993	B005-OWSHEL-002B	CNWH63960	2.0	0.0	0.0	Y	insufficient_balance			
MR-2026-04033	MAT-STE-2026-20205	321993	B005-OWSHEL-002B	CNWH64064	1.0	0.0	0.0	Y	insufficient_balance			
MR-2026-04033	MAT-STE-2026-20205	321993	B005-OWSHEL-002B	CNWH64208	1.0	0.0	0.0	Y	insufficient_balance			
MR-2026-04661	MAT-STE-2026-21469	321993	B005-OWSHEL-036A	CNWH64234	1.0	0.0	0.0	Y	insufficient_balance			
MR-2026-04661	MAT-STE-2026-21469	321993	B005-OWSHEL-036A	CNWH64239	1.0	0.0	0.0	Y	insufficient_balance			
MR-2026-03988	MAT-STE-2026-20186	321994	B005-OWSHEL-002B	CNWH63950	1.0	0.0	0.0	Y	insufficient_balance			
MR-2026-04042	MAT-STE-2026-20206	321994	B005-OWSHEL-002B	CNWH63950	1.0	0.0	0.0	Y	insufficient_balance			
MR-2026-04033	MAT-STE-2026-20205	321994	B005-OWSHEL-002B	CNWH64064	2.0	0.0	1.0	Y	insufficient_balance			
MR-2026-04658	MAT-STE-2026-21245	322022	B004-OWSHEL-026B	CNWH64203	1.0	0.0	0.0	Y	insufficient_balance			
MR-2026-04055	MAT-STE-2026-20207	322022	B004-OWSHEL-026B	CNWH64233	3.0	0.0	0.0	Y	insufficient_balance			
MR-2026-04658	MAT-STE-2026-21245	322023	B004-OWSHEL-026B	CNWH64213	1.0	0.0	0.0	Y	insufficient_balance			
MR-2026-04055	MAT-STE-2026-20207	322023	B004-OWSHEL-026B	CNWH64233	1.0	0.0	0.0	Y	insufficient_balance			
MR-2026-04657	MAT-STE-2026-21246	322023	B005-OWSHEL-002B	CNWH63893	3.0	0.0	2.0	Y	insufficient_balance			
MR-2026-04664	MAT-STE-2026-21242	322024	B004-OWSHEL-025A	CNWH64227	1.0	0.0	0.0	Y	insufficient_balance			
MR-2026-04055	MAT-STE-2026-20207	322027	B004-OWSHEL-002B	CNWH63880	1.0	0.0	0.0	Y	insufficient_balance			
MR-2026-04033	MAT-STE-2026-20205	322027	B004-OWSHEL-026B	CNWH63882	2.0	0.0	1.0	Y	insufficient_balance			
MR-2026-04055	MAT-STE-2026-20207	322028	B004-OWSHEL-002B	CNWH63729	3.0	0.0	1.0	Y	insufficient_balance			
MR-2026-04020	MAT-STE-2026-20204	322028	B004-OWSHEL-002B	CNWH64002	1.0	0.0	0.0	Y	insufficient_balance			
MR-2026-03919	MAT-STE-2026-20181	322028	B004-OWSHEL-026B	CNWH63882	2.0	0.0	1.0	Y	insufficient_balance			
MR-2026-04013	MAT-STE-2026-20203	322028	B004-OWSHEL-026B	CNWH64203	1.0	0.0	0.0	Y	insufficient_balance			
MR-2026-03942	MAT-STE-2026-20208	322029	B002-OWSHEL-013A	CNWH63824	1.0	0.0	0.0	Y	insufficient_balance			
MR-2026-04055	MAT-STE-2026-20207	322029	B004-OWSHEL-002B	CNWH63729	3.0	0.0	1.0	Y	insufficient_balance			
MR-2026-03949	MAT-STE-2026-20183	322029	B004-OWSHEL-002B	CNWH63731	1.0	0.0	0.0	Y	insufficient_balance			
MR-2026-04658	MAT-STE-2026-21245	322029	B004-OWSHEL-002B	CNWH63781	1.0	0.0	0.0	Y	insufficient_balance			
MR-2026-04666	MAT-STE-2026-21190	322029	B004-OWSHEL-002B	CNWH63781	1.0	0.0	0.0	Y	insufficient_balance			
MR-2026-04001	MAT-STE-2026-20187	322029	B004-OWSHEL-002B	CNWH63880	1.0	0.0	0.0	Y	insufficient_balance			
MR-2026-03949	MAT-STE-2026-20183	322029	B004-OWSHEL-002B	CNWH64002	1.0	0.0	0.0	Y	insufficient_balance			
MR-2026-03962	MAT-STE-2026-20202	322029	B004-OWSHEL-025A	CNWH64001	2.0	0.0	0.0	Y	insufficient_balance			
MR-2026-04033	MAT-STE-2026-20205	322029	B004-OWSHEL-026B	CNWH63882	1.0	0.0	0.0	Y	insufficient_balance			
MR-2026-03988	MAT-STE-2026-20186	322029	B004-OWSHEL-026B	CNWH64193	1.0	0.0	0.0	Y	insufficient_balance			
MR-2026-04659	MAT-STE-2026-21244	322029	B004-OWSHEL-026B	CNWH64203	2.0	0.0	1.0	Y	insufficient_balance			
MR-2026-03988	MAT-STE-2026-20186	322029	B004-OWSHEL-027C	CNWH63874	1.0	0.0	0.0	Y	insufficient_balance			
MR-2026-04013	MAT-STE-2026-20203	322039	B004-OWSHEL-025A	CNWH63738	1.0	0.0	0.0	Y	insufficient_balance			
MR-2026-03962	MAT-STE-2026-20202	322039	B004-OWSHEL-025A	CNWH63744	2.0	0.0	0.0	Y	insufficient_balance			
MR-2026-04020	MAT-STE-2026-20204	322039	B004-OWSHEL-025A	CNWH63749	1.0	0.0	0.0	Y	insufficient_balance			
MR-2026-04657	MAT-STE-2026-21246	322039	B004-OWSHEL-025A	CNWH63753	2.0	0.0	1.0	Y	insufficient_balance			
MR-2026-04001	MAT-STE-2026-20187	322039	B004-OWSHEL-025A	CNWH64194	1.0	0.0	0.0	Y	insufficient_balance			
MR-2026-04658	MAT-STE-2026-21245	322042	B003-OWSHEL-025A	CNWH63783	2.0	0.0	1.0	Y	insufficient_balance			
MR-2026-03919	MAT-STE-2026-20181	322042	B004-OWSHEL-025A	CNWH63738	1.0	0.0	0.0	Y	insufficient_balance			
MR-2026-03949	MAT-STE-2026-20183	322042	B004-OWSHEL-025A	CNWH63738	1.0	0.0	0.0	Y	insufficient_balance			
MR-2026-04033	MAT-STE-2026-20205	322042	B004-OWSHEL-025A	CNWH63744	2.0	0.0	1.0	Y	insufficient_balance			
MR-2026-03942	MAT-STE-2026-20208	322047	B004-OWSHEL-002B	CNWH63880	2.0	0.0	0.0	Y	insufficient_balance			
MR-2026-04656	MAT-STE-2026-21247	322047	B004-OWSHEL-026B	CNWH64233	1.0	0.0	0.0	Y	insufficient_balance			
MR-2026-03929	MAT-STE-2026-20182	322047	B005-OWSHEL-002B	CNWH64243	2.0	0.0	1.0	Y	insufficient_balance			
MR-2026-04033	MAT-STE-2026-20205	322047	B005-OWSHEL-036A	CNWH64239	3.0	0.0	2.0	Y	insufficient_balance			
MR-2026-03988	MAT-STE-2026-20186	322048	B005-OWSHEL-002B	CNWH63893	1.0	0.0	0.0	Y	insufficient_balance			
MR-2026-04033	MAT-STE-2026-20205	322048	B005-OWSHEL-002B	CNWH64243	1.0	0.0	0.0	Y	insufficient_balance			
MR-2026-03949	MAT-STE-2026-20183	322048	B005-OWSHEL-036A	CNWH64234	1.0	0.0	0.0	Y	insufficient_balance			
MR-2026-03962	MAT-STE-2026-20202	322058	B002-OWSHEL-001A	CNWH64063	2.0	0.0	0.0	Y	insufficient_balance			
MR-2026-04033	MAT-STE-2026-20205	322058	B002-OWSHEL-001A	CNWH64063	1.0	0.0	0.0	Y	insufficient_balance			
MR-2026-03929	MAT-STE-2026-20182	322058	B005-OWSHEL-002B	CNWH63893	1.0	0.0	0.0	Y	insufficient_balance			
MR-2026-04665	MAT-STE-2026-21241	322058	B005-OWSHEL-003C	CNWH57151	1.0	0.0	0.0	Y	insufficient_balance			
MR-2026-03942	MAT-STE-2026-20208	322059	B002-OWSHEL-001A	CNWH64063	2.0	0.0	1.0	Y	insufficient_balance			
MR-2026-04666	MAT-STE-2026-21190	322059	B002-OWSHEL-001A	CNWH64164	2.0	0.0	1.0	Y	insufficient_balance			
MR-2026-03929	MAT-STE-2026-20182	322059	B005-OWSHEL-002B	CNWH63893	1.0	0.0	0.0	Y	insufficient_balance			
MR-2026-04659	MAT-STE-2026-21244	322059	B005-OWSHEL-036A	CNWH63956	1.0	0.0	0.0	Y	insufficient_balance			
MR-2026-03942	MAT-STE-2026-20208	322060	B002-OWSHEL-001A	CNWH64063	1.0	0.0	0.0	Y	insufficient_balance			
MR-2026-03949	MAT-STE-2026-20183	322060	B002-OWSHEL-001A	CNWH64164	1.0	0.0	0.0	Y	insufficient_balance			
MR-2026-04033	MAT-STE-2026-20205	322060	B005-OWSHEL-002B	CNWH64064	1.0	0.0	0.0	Y	insufficient_balance			
MR-2026-04042	MAT-STE-2026-20206	322064	B004-OWSHEL-025A	CNWH64001	1.0	0.0	0.0	Y	insufficient_balance			
MR-2026-03942	MAT-STE-2026-20208	322064	B004-OWSHEL-026B	CNWH63921	3.0	2.0	0.0	Y	insufficient_balance			
MR-2026-03942	MAT-STE-2026-20208	322065	B004-OWSHEL-026B	CNWH63921	2.0	0.0	0.0	Y	insufficient_balance			
MR-2026-04033	MAT-STE-2026-20205	322065	B004-OWSHEL-026B	CNWH64203	4.0	2.0	0.0	Y	insufficient_balance			
MR-2026-04013	MAT-STE-2026-20203	322070	B004-OWSHEL-002B	CNWH63731	1.0	0.0	0.0	Y	insufficient_balance			
MR-2026-03942	MAT-STE-2026-20208	322070	B004-OWSHEL-025A	CNWH64001	3.0	0.0	1.0	Y	insufficient_balance			
MR-2026-03942	MAT-STE-2026-20208	322071	B002-OWSHEL-014B	CNWH63814	1.0	0.0	0.0	Y	insufficient_balance			
MR-2026-03962	MAT-STE-2026-20202	322071	B002-OWSHEL-014B	CNWH63814	1.0	0.0	0.0	Y	insufficient_balance			
MR-2026-04033	MAT-STE-2026-20205	322071	B002-OWSHEL-014B	CNWH63827	1.0	0.0	0.0	Y	insufficient_balance			
MR-2026-04055	MAT-STE-2026-20207	322071	B002-OWSHEL-014B	CNWH63827	1.0	0.0	0.0	Y	insufficient_balance			
MR-2026-04660	MAT-STE-2026-21468	322071	B003-OWSHEL-025A	CNWH63999	1.0	0.0	0.0	Y	insufficient_balance			
MR-2026-04665	MAT-STE-2026-21241	322071	B003-OWSHEL-025A	CNWH63999	2.0	0.0	0.0	Y	insufficient_balance			
MR-2026-04013	MAT-STE-2026-20203	322071	B004-OWSHEL-002B	CNWH63731	1.0	0.0	0.0	Y	insufficient_balance			
MR-2026-03942	MAT-STE-2026-20208	322071	B004-OWSHEL-025A	CNWH64001	2.0	0.0	1.0	Y	insufficient_balance			
MR-2026-03942	MAT-STE-2026-20208	322072	B002-OWSHEL-014B	CNWH63814	1.0	0.0	0.0	Y	insufficient_balance			
MR-2026-03962	MAT-STE-2026-20202	322072	B002-OWSHEL-014B	CNWH63827	2.0	0.0	0.0	Y	insufficient_balance			
MR-2026-04658	MAT-STE-2026-21245	322072	B004-OWSHEL-002B	CNWH63979	1.0	0.0	0.0	Y	insufficient_balance			
MR-2026-04660	MAT-STE-2026-21468	322072	B004-OWSHEL-027C	CNWH63881	1.0	0.0	0.0	Y	insufficient_balance			
MR-2026-03962	MAT-STE-2026-20202	322081	B002-OWSHEL-014B	CNWH63831	2.0	0.0	1.0	Y	insufficient_balance			
MR-2026-03962	MAT-STE-2026-20202	322081	B002-OWSHEL-014B	CNWH63841	1.0	0.0	0.0	Y	insufficient_balance			
MR-2026-04033	MAT-STE-2026-20205	322081	B003-OWSHEL-001A	CNWH63821	2.0	0.0	1.0	Y	insufficient_balance			
MR-2026-03942	MAT-STE-2026-20208	322082	B002-OWSHEL-013A	CNWH63828	6.0	3.0	0.0	Y	insufficient_balance			
MR-2026-04659	MAT-STE-2026-21244	322082	B002-OWSHEL-013A	CNWH63836	3.0	0.0	2.0	Y	insufficient_balance			
MR-2026-03942	MAT-STE-2026-20208	322083	B002-OWSHEL-013A	CNWH63828	4.0	0.0	2.0	Y	insufficient_balance			
MR-2026-04001	MAT-STE-2026-20187	322085	B002-OWSHEL-001A	CNWH63955	1.0	0.0	0.0	Y	insufficient_balance			
MR-2026-03942	MAT-STE-2026-20208	322085	B002-OWSHEL-013A	CNWH63836	1.0	0.0	0.0	Y	insufficient_balance			
MR-2026-04285	MAT-STE-2026-20432	322130	L010-OWSHEL-006F	CNWH56487	1.0	0.0	0.0	Y	insufficient_balance			
MR-2026-04286	MAT-STE-2026-20433	322130	L010-OWSHEL-034C	CNWH61990	1.0	0.0	0.0	Y	insufficient_balance			
MR-2026-04292	MAT-STE-2026-20383	322130	L016-OWPALT-056A	CNWH64097	1.0	0.0	0.0	Y	insufficient_balance			
MR-2026-04292	MAT-STE-2026-20383	322134	L010-OWSHEL-006F	CNWH56487	1.0	0.0	0.0	Y	insufficient_balance			
MR-2026-04287	MAT-STE-2026-20434	322134	L016-OWPALT-056A	CNWH64097	1.0	0.0	0.0	Y	insufficient_balance			
MR-2026-04291	MAT-STE-2026-20382	322160	L009-OWSHEL-005E	CNWH61076	1.0	0.0	0.0	Y	insufficient_balance			
MR-2026-04292	MAT-STE-2026-20383	322161	L009-OWSHEL-005E	CNWH61076	4.0	0.0	2.0	Y	insufficient_balance			
MR-2026-04287	MAT-STE-2026-20434	322161	L016-OWPALT-056A	CNWH64097	1.0	0.0	0.0	Y	insufficient_balance			
MR-2026-04286	MAT-STE-2026-20433	322187	L009-OWSHEL-005E	CNWH61121	2.0	1.0	0.0	Y	insufficient_balance			
MR-2026-04291	MAT-STE-2026-20382	322187	L009-OWSHEL-040D	CNWH62334	1.0	0.0	0.0	Y	insufficient_balance			
MR-2026-04292	MAT-STE-2026-20383	322191	L009-OWSHEL-005E	CNWH61121	3.0	0.0	1.0	Y	insufficient_balance			
MR-2026-04283	MAT-STE-2026-20311	322191	L009-OWSHEL-040D	CNWH62334	2.0	0.0	1.0	Y	insufficient_balance			
MR-2026-04284	MAT-STE-2026-20312	322191	L009-OWSHEL-040D	CNWH62334	2.0	0.0	1.0	Y	insufficient_balance			
MR-2026-04292	MAT-STE-2026-20383	322202	L016-OWPALT-056A	CNWH64097	1.0	0.0	0.0	Y	insufficient_balance			
MR-2026-04291	MAT-STE-2026-20382	322203	L010-OWSHEL-040D	CNWH61112	1.0	0.0	0.0	Y	insufficient_balance			
MR-2026-04292	MAT-STE-2026-20383	322203	L016-OWPALT-056A	CNWH64097	1.0	0.0	0.0	Y	insufficient_balance			
MR-2026-04284	MAT-STE-2026-20312	322210	L010-OWSHEL-037A	CNWH61118	2.0	0.0	1.0	Y	insufficient_balance			
MR-2026-04293	MAT-STE-2026-20384	322211	L010-OWSHEL-039C	CNWH61692	1.0	0.0	0.0	Y	insufficient_balance			
MR-2026-04290	MAT-STE-2026-20381	322211	L010-OWSHEL-040D	CNWH61116	1.0	0.0	0.0	Y	insufficient_balance			
MR-2026-04291	MAT-STE-2026-20382	322211	L010-OWSHEL-040D	CNWH61116	1.0	0.0	0.0	Y	insufficient_balance			
MR-2026-04289	MAT-STE-2026-20436	322226	L010-OWSHEL-037A	CNWH61079	1.0	0.0	0.0	Y	insufficient_balance			
MR-2026-04284	MAT-STE-2026-20312	322228	L010-OWSHEL-037A	CNWH61138	2.0	0.0	0.0	Y	insufficient_balance			
MR-2026-04293	MAT-STE-2026-20384	322230	L010-OWSHEL-037A	CNWH61079	1.0	0.0	0.0	Y	insufficient_balance			
MR-2026-04294	MAT-STE-2026-20385	322230	L010-OWSHEL-037A	CNWH61079	1.0	0.0	0.0	Y	insufficient_balance			
MR-2026-04294	MAT-STE-2026-20385	322230	L010-OWSHEL-037A	CNWH61090	1.0	0.0	0.0	Y	insufficient_balance			
MR-2026-04284	MAT-STE-2026-20312	322230	L010-OWSHEL-037A	CNWH61138	2.0	0.0	0.0	Y	insufficient_balance			
MR-2026-04290	MAT-STE-2026-20381	322230	L010-OWSHEL-037A	CNWH61138	1.0	0.0	0.0	Y	insufficient_balance			
MR-2026-04291	MAT-STE-2026-20382	322230	L010-OWSHEL-037A	CNWH61140	1.0	0.0	0.0	Y	insufficient_balance			
MR-2026-04287	MAT-STE-2026-20434	322230	L010-OWSHEL-038B	CNWH61110	2.0	1.0	0.0	Y	insufficient_balance			
MR-2026-04293	MAT-STE-2026-20384	322230	L010-OWSHEL-038B	CNWH61110	1.0	0.0	0.0	Y	insufficient_balance			
MR-2026-04292	MAT-STE-2026-20383	322235	L010-OWSHEL-038B	CNWH62333	1.0	0.0	0.0	Y	insufficient_balance			
MR-2026-04283	MAT-STE-2026-20311	322235	L010-OWSHEL-039C	CNWH61108	1.0	0.0	0.0	Y	insufficient_balance			
MR-2026-04285	MAT-STE-2026-20432	322235	L010-OWSHEL-039C	CNWH61108	1.0	0.0	0.0	Y	insufficient_balance			
MR-2026-04286	MAT-STE-2026-20433	322239	L010-OWSHEL-037A	CNWH61090	3.0	0.0	0.0	Y	insufficient_balance			
MR-2026-04284	MAT-STE-2026-20312	322239	L010-OWSHEL-038B	CNWH61145	1.0	0.0	0.0	Y	insufficient_balance			
MR-2026-04285	MAT-STE-2026-20432	322239	L010-OWSHEL-038B	CNWH61145	1.0	0.0	0.0	Y	insufficient_balance			
MR-2026-04289	MAT-STE-2026-20436	322239	L010-OWSHEL-038B	CNWH61145	1.0	0.0	0.0	Y	insufficient_balance			
MR-2026-04341	MAT-STE-2026-20678	322295	L017-OWPALT-022C	CNWH59806	1.0	0.0	0.0	Y	insufficient_balance			
MR-2026-04329	MAT-STE-2026-20677	322295	L017-OWPALT-030C	CNWH63656	1.0	0.0	0.0	Y	insufficient_balance			
MR-2026-04376	MAT-STE-2026-20575	322299	L017-OWPALT-046C	CNWH59804	1.0	0.0	0.0	Y	insufficient_balance			
MR-2026-04341	MAT-STE-2026-20678	322347	L017-OWPALT-015B	CNWH59791	1.0	0.0	0.0	Y	insufficient_balance			
MR-2026-03836	MAT-STE-2026-20178	322388	L010-OWSHEL-002B	CNWH60905	3.0	0.0	2.0	Y	insufficient_balance			
MR-2026-03887	MAT-STE-2026-20440	322390	L010-OWSHEL-009D	CNWH60648	3.0	0.0	0.0	Y	insufficient_balance			
MR-2026-03890	MAT-STE-2026-20441	322392	L010-OWSHEL-003C	CNWH60253	1.0	0.0	0.0	Y	insufficient_balance			
MR-2026-03887	MAT-STE-2026-20440	322392	L010-OWSHEL-025A	CNWH60594	2.0	1.0	0.0	Y	insufficient_balance			
MR-2026-03864	MAT-STE-2026-20308	322410	L010-OWSHEL-036A	CNWH60669	1.0	0.0	0.0	Y	insufficient_balance			
MR-2026-03879	MAT-STE-2026-20310	322435	L010-OWSHEL-021D	CNWH59827	1.0	0.0	0.0	Y	insufficient_balance			
MR-2026-03879	MAT-STE-2026-20310	322435	L010-OWSHEL-021D	CNWH59840	1.0	0.0	0.0	Y	insufficient_balance			
MR-2026-03907	MAT-STE-2026-20412	322439	L010-OWSHEL-021D	CNWH59827	1.0	0.0	0.0	Y	insufficient_balance			
MR-2026-03883	MAT-STE-2026-20439	322446	L009-OWSHEL-037A	CNWH61207	1.0	0.0	0.0	Y	insufficient_balance			
MR-2026-03900	MAT-STE-2026-20411	322446	L010-OWSHEL-047B	CNWH59850	1.0	0.0	0.0	Y	insufficient_balance			
MR-2026-03864	MAT-STE-2026-20308	322446	L010-OWSHEL-048A	CNWH59830	2.0	0.0	1.0	Y	insufficient_balance			
MR-2026-03864	MAT-STE-2026-20308	322452	L009-OWSHEL-005E	CNWH61166	2.0	0.0	0.0	Y	insufficient_balance			
MR-2026-03854	MAT-STE-2026-20307	322452	L010-OWSHEL-048A	CNWH59855	1.0	0.0	0.0	Y	insufficient_balance			
MR-2026-03843	MAT-STE-2026-20229	322476	L010-OWSHEL-016D	CNWH61188	3.0	0.0	1.0	Y	insufficient_balance			
MR-2026-03843	MAT-STE-2026-20229	322482	L010-OWSHEL-015C	CNWH61215	2.0	1.0	0.0	Y	insufficient_balance			
MR-2026-03879	MAT-STE-2026-20310	322515	L010-OWSHEL-011B	CNWH60880	1.0	0.0	0.0	Y	insufficient_balance			
MR-2026-03854	MAT-STE-2026-20307	322516	L009-OWSHEL-038B	CNWH60948	1.0	0.0	0.0	Y	insufficient_balance			
MR-2026-03854	MAT-STE-2026-20307	322521	L009-OWSHEL-037A	CNWH60946	3.0	0.0	0.0	Y	insufficient_balance			
MR-2026-03854	MAT-STE-2026-20307	322523	L009-OWSHEL-037A	CNWH60946	4.0	0.0	2.0	Y	insufficient_balance			
MR-2026-03900	MAT-STE-2026-20411	322523	L010-OWSHEL-032E	CNWH60680	1.0	0.0	0.0	Y	insufficient_balance			
MR-2026-03864	MAT-STE-2026-20308	322533	L010-OWSHEL-012A	CNWH60269	1.0	0.0	0.0	Y	insufficient_balance			
MR-2026-03854	MAT-STE-2026-20307	322535	L009-OWSHEL-008E	CNWH60605	2.0	0.0	0.0	Y	insufficient_balance			
MR-2026-03854	MAT-STE-2026-20307	322535	L010-OWSHEL-011B	CNWH60254	1.0	0.0	0.0	Y	insufficient_balance			
MR-2026-03829	MAT-STE-2026-20306	322535	L010-OWSHEL-012A	CNWH60269	3.0	0.0	0.0	Y	insufficient_balance			
MR-2026-03843	MAT-STE-2026-20229	322542	L010-OWSHEL-014B	CNWH60235	2.0	0.0	1.0	Y	insufficient_balance			
MR-2026-03900	MAT-STE-2026-20411	322543	L010-OWSHEL-012A	CNWH60887	2.0	0.0	1.0	Y	insufficient_balance			
MR-2026-03883	MAT-STE-2026-20439	322546	L010-OWSHEL-012A	CNWH60199	1.0	0.0	0.0	Y	insufficient_balance			
MR-2026-03843	MAT-STE-2026-20229	322575	L017-OWPALT-031B	CNWH60879	4.0	0.0	3.0	Y	insufficient_balance			
MR-2026-03843	MAT-STE-2026-20229	322583	L017-OWPALT-031B	CNWH60874	4.0	0.0	3.0	Y	insufficient_balance			
MR-2026-03883	MAT-STE-2026-20439	322607	L017-OWPALT-015B	CNWH60635	1.0	0.0	0.0	Y	insufficient_balance			
MR-2026-03907	MAT-STE-2026-20412	322607	L017-OWPALT-015B	CNWH60635	2.0	1.0	0.0	Y	insufficient_balance			
MR-2026-04166	MAT-STE-2026-20505	322611	L010-OWSHEL-028D	CNWH59773	2.0	0.0	1.0	Y	insufficient_balance			
MR-2026-04127	MAT-STE-2026-20503	322623	L016-OWPALT-016A	CNWH59723	3.0	0.0	0.0	Y	insufficient_balance			
MR-2026-04153	MAT-STE-2026-20473	322623	L016-OWPALT-026B	CNWH56477	2.0	0.0	1.0	Y	insufficient_balance			
MR-2026-04140	MAT-STE-2026-20504	322624	L016-OWPALT-016A	CNWH59723	3.0	0.0	1.0	Y	insufficient_balance			
MR-2026-03793	MAT-STE-2026-20127	322686	B006-OWSHEL-013A	CNWH61011	1.0	0.0	0.0	Y	insufficient_balance			
MR-2026-03733	MAT-STE-2026-20121	322686	B006-OWSHEL-013A	CNWH61023	2.0	1.0	0.0	Y	insufficient_balance			
MR-2026-04667	MAT-STE-2026-21598	322769	L001-OWPALT-024A	CNWH69815	1.0	0.0	0.0	Y	insufficient_balance			
MR-2026-04668	MAT-STE-2026-21599	322769	L001-OWPALT-024A	CNWH69815	1.0	0.0	0.0	Y	insufficient_balance			
MR-2026-04166	MAT-STE-2026-20505	324092	L009-OWSHEL-020E	CNWH63670	2.0	1.0	0.0	Y	insufficient_balance			
MR-2026-04266	MAT-STE-2026-20479	324092	L016-OWPALT-047B	CNWH67940	1.0	0.0	0.0	Y	insufficient_balance			
MR-2026-04668	MAT-STE-2026-21599	324245	L001-OWPALT-055B	CNWH62776	1.0	0.0	0.0	Y	insufficient_balance			
MR-2026-04672	MAT-STE-2026-21602	324245	L003-OWPALT-016A	CNWH62818	3.0	0.0	1.0	Y	insufficient_balance			
MR-2026-04670	MAT-STE-2026-21600	324250	L001-OWPALT-017A	CNWH63376	1.0	0.0	0.0	Y	insufficient_balance			
MR-2026-04281	MAT-STE-2026-20279	326833	L009-OWSHEL-013A	CNWH66430	2.0	0.0	0.0	Y	insufficient_balance			
MR-2026-04277	MAT-STE-2026-20276	326833	L009-OWSHEL-024A	CNWH66452	4.0	0.0	3.0	Y	insufficient_balance			
MR-2026-04275	MAT-STE-2026-20283	326848	L009-OWSHEL-013A	CNWH66437	2.0	0.0	0.0	Y	insufficient_balance			
MR-2026-04726	MAT-STE-2026-21490	326848	L009-OWSHEL-024A	CNWH66453	1.0	0.0	0.0	Y	insufficient_balance			
MR-2026-04276	MAT-STE-2026-20284	326848	L009-OWSHEL-024A	CNWH66470	1.0	0.0	0.0	Y	insufficient_balance			
MR-2026-04277	MAT-STE-2026-20276	326848	L009-OWSHEL-024A	CNWH66470	2.0	0.0	0.0	Y	insufficient_balance			
MR-2026-04276	MAT-STE-2026-20284	326853	L009-OWSHEL-010C	CNWH66423	1.0	0.0	0.0	Y	insufficient_balance			
MR-2026-04275	MAT-STE-2026-20283	326853	L009-OWSHEL-024A	CNWH66448	6.0	5.0	0.0	Y	insufficient_balance			
MR-2026-04276	MAT-STE-2026-20284	326861	L009-OWSHEL-012A	CNWH66412	2.0	0.0	0.0	Y	insufficient_balance			
MR-2026-04278	MAT-STE-2026-20277	326861	L009-OWSHEL-014B	CNWH66454	2.0	0.0	0.0	Y	insufficient_balance			
MR-2026-04271	MAT-STE-2026-20280	326861	L009-OWSHEL-023B	CNWH66459	1.0	0.0	0.0	Y	insufficient_balance			
MR-2026-04276	MAT-STE-2026-20284	326873	L009-OWSHEL-013A	CNWH64827	1.0	0.0	0.0	Y	insufficient_balance			
MR-2026-04272	MAT-STE-2026-20281	326873	L016-OWPALT-014C	CNWH58174	1.0	0.0	0.0	Y	insufficient_balance			
MR-2026-04729	MAT-STE-2026-21494	327932	L017-OWPALT-038C	CNWH53607	1.0	0.0	0.0	Y	insufficient_balance			
MR-2026-04727	MAT-STE-2026-21492	327932	L017-OWPALT-038C	CNWH54660	1.0	0.0	0.0	Y	insufficient_balance			
MR-2026-04727	MAT-STE-2026-21492	327941	L017-OWPALT-038C	CNWH54660	2.0	0.0	1.0	Y	insufficient_balance			
MR-2026-04730	MAT-STE-2026-21606	327945	L017-OWPALT-038C	CNWH53607	1.0	0.0	0.0	Y	insufficient_balance			
MR-2026-04734	MAT-STE-2026-21610	327945	L017-OWPALT-038C	CNWH53607	1.0	0.0	0.0	Y	insufficient_balance			
MR-2026-04166	MAT-STE-2026-20505	329662	L017-OWPALT-015B	CNWH67049	1.0	0.0	0.0	Y	insufficient_balance			
MR-2026-04166	MAT-STE-2026-20505	329693	L017-OWPALT-015B	CNWH67034	1.0	0.0	0.0	Y	insufficient_balance			
MR-2026-04254	MAT-STE-2026-20478	329698	L017-OWPALT-015B	CNWH67028	1.0	0.0	0.0	Y	insufficient_balance			
MR-2026-04203	MAT-STE-2026-20475	329698	L017-OWPALT-015B	CNWH67034	1.0	0.0	0.0	Y	insufficient_balance			
MR-2026-04140	MAT-STE-2026-20504	329701	L017-OWPALT-015B	CNWH67028	1.0	0.0	0.0	Y	insufficient_balance			
MR-2026-04153	MAT-STE-2026-20473	329701	L017-OWPALT-015B	CNWH67032	1.0	0.0	0.0	Y	insufficient_balance			
MR-2026-04192	MAT-STE-2026-20506	329705	L017-OWPALT-015B	CNWH67049	1.0	0.0	0.0	Y	insufficient_balance			
MR-2026-04726	MAT-STE-2026-21490	329706	L017-OWPALT-015B	CNWH67034	2.0	0.0	1.0	Y	insufficient_balance			
MR-2026-04254	MAT-STE-2026-20478	329706	L017-OWPALT-027C	CNWH60628	1.0	0.0	0.0	Y	insufficient_balance			
MR-2026-04726	MAT-STE-2026-21490	329800	L009-OWSHEL-018F	CNWH67041	2.0	0.0	0.0	Y	insufficient_balance			
MR-2026-04732	MAT-STE-2026-21608	329857	L017-OWPALT-039B	CNWH02068	2.0	1.0	0.0	Y	insufficient_balance			
MR-2026-04730	MAT-STE-2026-21606	329957	L017-OWPALT-022C	CNWH61956	1.0	0.0	0.0	Y	insufficient_balance			
