item_code	bin_location	carton_id	erp_balance_now	max_desktop_deduct_needed	shortfall_qty	mr_count	affected_mrs	recount_priority
315139	L022-OWPALT-002B	CNWH65676	0.0	21.0	21.0	2	MR-2026-04833;MR-2026-04837	HIGH
315140	L022-OWPALT-008A	CNWH65790	16.0	30.0	14.0	1	MR-2026-04833	MEDIUM
315135	L022-OWPALT-008A	CNWH67084	17.0	30.0	13.0	1	MR-2026-04837	MEDIUM
315139	L022-OWPALT-007B	CNWH66165	13.0	26.0	13.0	1	MR-2026-04836	MEDIUM
315142	L022-OWPALT-002B	CNWH65675	3.0	16.0	13.0	1	MR-2026-04837	MEDIUM
315138	L022-OWPALT-002B	CNWH64772	0.0	11.0	11.0	2	MR-2026-04836;MR-2026-04837	HIGH
315141	L022-OWPALT-002B	CNWH65676	0.0	7.0	7.0	1	MR-2026-04833	HIGH
315135	L022-OWPALT-009A	CNWH65601	24.0	30.0	6.0	1	MR-2026-04836	MEDIUM
315145	L022-OWPALT-001A	CNWH54915	0.0	6.0	6.0	1	MR-2026-04833	HIGH
315148	L022-OWPALT-003C	CNWH65495	0.0	6.0	6.0	1	MR-2026-04833	HIGH
320126	L001-OWPALT-041A	CNWH64556	0.0	6.0	6.0	1	MR-2026-04674	HIGH
315144	L022-OWPALT-003C	CNWH56092	0.0	4.0	4.0	1	MR-2026-04833	HIGH
320125	L001-OWPALT-057A	CNWH64591	0.0	4.0	4.0	1	MR-2026-04674	HIGH
232375	L017-OWPALT-024A	CNWH51363	0.0	3.0	3.0	2	MR-2026-04442;MR-2026-04443	HIGH
232375	L017-OWPALT-039B	CNWH65812	0.0	3.0	3.0	1	MR-2026-04444	HIGH
314659	B006-OWSHEL-015C	CNWH52073	0.0	3.0	3.0	1	MR-2026-03793	HIGH
315142	L022-OWPALT-002B	CNWH64772	0.0	3.0	3.0	1	MR-2026-04837	HIGH
320124	L001-OWPALT-057A	CNWH50788	2.0	5.0	3.0	1	MR-2026-04677	MEDIUM
321202	L016-OWPALT-026B	CNWH64810	0.0	3.0	3.0	1	MR-2026-04179	HIGH
322022	B004-OWSHEL-026B	CNWH64233	0.0	3.0	3.0	1	MR-2026-04055	HIGH
322082	B002-OWSHEL-013A	CNWH63828	0.0	3.0	3.0	1	MR-2026-03942	HIGH
322239	L010-OWSHEL-037A	CNWH61090	0.0	3.0	3.0	1	MR-2026-04286	HIGH
322390	L010-OWSHEL-009D	CNWH60648	0.0	3.0	3.0	1	MR-2026-03887	HIGH
322521	L009-OWSHEL-037A	CNWH60946	0.0	3.0	3.0	1	MR-2026-03854	HIGH
322535	L010-OWSHEL-012A	CNWH60269	0.0	3.0	3.0	1	MR-2026-03829	HIGH
322623	L016-OWPALT-016A	CNWH59723	0.0	3.0	3.0	1	MR-2026-04127	HIGH
232362	L017-OWPALT-024A	CNWH51363	0.0	2.0	2.0	1	MR-2026-04443	HIGH
232362	L017-OWPALT-039B	CNWH65812	0.0	2.0	2.0	2	MR-2026-04442;MR-2026-04444	HIGH
232374	L017-OWPALT-024A	CNWH51363	0.0	2.0	2.0	1	MR-2026-04443	HIGH
267358	L003-OWPALT-049A	CNWH05616	0.0	2.0	2.0	1	MR-2026-04667	HIGH
287132	L008-OWSHEL-009D	CNWH66050	0.0	2.0	2.0	1	MR-2026-04699	HIGH
314571	L009-OWSHEL-037A	CNWH62624	0.0	2.0	2.0	1	MR-2026-04317	HIGH
314571	L009-OWSHEL-009D	CNWH66449	2.0	4.0	2.0	1	MR-2026-04341	MEDIUM
314577	L009-OWSHEL-006F	CNWH64315	0.0	2.0	2.0	2	MR-2026-04317;MR-2026-04329	HIGH
314577	L009-OWSHEL-009D	CNWH66449	1.0	3.0	2.0	1	MR-2026-04399	MEDIUM
315142	L022-OWPALT-002B	CNWH69833	2.0	4.0	2.0	1	MR-2026-04833	MEDIUM
315145	L022-OWPALT-007B	CNWH54860	28.0	30.0	2.0	1	MR-2026-04836	MEDIUM
318477	B004-OWSHEL-024A	CNWH55660	0.0	2.0	2.0	1	MR-2026-03807	HIGH
318477	B004-OWSHEL-003C	CNWH62227	0.0	2.0	2.0	1	MR-2026-03733	HIGH
318505	B004-OWSHEL-023B	CNWH55547	0.0	2.0	2.0	1	MR-2026-03773	HIGH
320125	L001-OWPALT-057A	CNWH64587	2.0	4.0	2.0	1	MR-2026-04675	MEDIUM
321202	L010-OWSHEL-017E	CNWH59735	0.0	2.0	2.0	1	MR-2026-04229	HIGH
321981	B003-OWSHEL-025A	CNWH63766	0.0	2.0	2.0	1	MR-2026-04659	HIGH
321981	B002-OWSHEL-013A	CNWH63836	1.0	3.0	2.0	1	MR-2026-04020	MEDIUM
321988	B004-OWSHEL-001A	CNWH63776	0.0	2.0	2.0	1	MR-2026-04658	HIGH
321991	B005-OWSHEL-002B	CNWH63950	0.0	2.0	2.0	1	MR-2026-04020	HIGH
321992	B005-OWSHEL-002B	CNWH63950	1.0	3.0	2.0	1	MR-2026-03929	MEDIUM
321992	B005-OWSHEL-002B	CNWH63960	0.0	2.0	2.0	2	MR-2026-04663;MR-2026-04664	HIGH
321992	B004-OWSHEL-026B	CNWH64212	0.0	2.0	2.0	1	MR-2026-04013	HIGH
321992	B003-OWSHEL-001A	CNWH65125	0.0	2.0	2.0	1	MR-2026-03942	HIGH
321993	B005-OWSHEL-002B	CNWH63950	0.0	2.0	2.0	2	MR-2026-03942;MR-2026-04020	HIGH
321993	B005-OWSHEL-002B	CNWH63960	0.0	2.0	2.0	1	MR-2026-04033	HIGH
322028	B004-OWSHEL-002B	CNWH63729	1.0	3.0	2.0	1	MR-2026-04055	MEDIUM
322029	B004-OWSHEL-002B	CNWH63729	1.0	3.0	2.0	1	MR-2026-04055	MEDIUM
322029	B004-OWSHEL-025A	CNWH64001	0.0	2.0	2.0	1	MR-2026-03962	HIGH
322039	B004-OWSHEL-025A	CNWH63744	0.0	2.0	2.0	1	MR-2026-03962	HIGH
322047	B004-OWSHEL-002B	CNWH63880	0.0	2.0	2.0	1	MR-2026-03942	HIGH
322058	B002-OWSHEL-001A	CNWH64063	0.0	2.0	2.0	2	MR-2026-03962;MR-2026-04033	HIGH
322065	B004-OWSHEL-026B	CNWH63921	0.0	2.0	2.0	1	MR-2026-03942	HIGH
322065	B004-OWSHEL-026B	CNWH64203	0.0	2.0	2.0	1	MR-2026-04033	HIGH
322070	B004-OWSHEL-025A	CNWH64001	1.0	3.0	2.0	1	MR-2026-03942	MEDIUM
322071	B003-OWSHEL-025A	CNWH63999	0.0	2.0	2.0	2	MR-2026-04660;MR-2026-04665	HIGH
322072	B002-OWSHEL-014B	CNWH63827	0.0	2.0	2.0	1	MR-2026-03962	HIGH
322083	B002-OWSHEL-013A	CNWH63828	2.0	4.0	2.0	1	MR-2026-03942	MEDIUM
322161	L009-OWSHEL-005E	CNWH61076	2.0	4.0	2.0	1	MR-2026-04292	MEDIUM
322191	L009-OWSHEL-005E	CNWH61121	1.0	3.0	2.0	1	MR-2026-04292	MEDIUM
322228	L010-OWSHEL-037A	CNWH61138	0.0	2.0	2.0	1	MR-2026-04284	HIGH
322230	L010-OWSHEL-037A	CNWH61138	0.0	2.0	2.0	2	MR-2026-04284;MR-2026-04290	HIGH
322452	L009-OWSHEL-005E	CNWH61166	0.0	2.0	2.0	1	MR-2026-03864	HIGH
322476	L010-OWSHEL-016D	CNWH61188	1.0	3.0	2.0	1	MR-2026-03843	MEDIUM
322523	L009-OWSHEL-037A	CNWH60946	2.0	4.0	2.0	1	MR-2026-03854	MEDIUM
322535	L009-OWSHEL-008E	CNWH60605	0.0	2.0	2.0	1	MR-2026-03854	HIGH
322624	L016-OWPALT-016A	CNWH59723	1.0	3.0	2.0	1	MR-2026-04140	MEDIUM
324245	L003-OWPALT-016A	CNWH62818	1.0	3.0	2.0	1	MR-2026-04672	MEDIUM
326833	L009-OWSHEL-013A	CNWH66430	0.0	2.0	2.0	1	MR-2026-04281	HIGH
326848	L009-OWSHEL-013A	CNWH66437	0.0	2.0	2.0	1	MR-2026-04275	HIGH
326848	L009-OWSHEL-024A	CNWH66470	0.0	2.0	2.0	2	MR-2026-04276;MR-2026-04277	HIGH
326861	L009-OWSHEL-012A	CNWH66412	0.0	2.0	2.0	1	MR-2026-04276	HIGH
326861	L009-OWSHEL-014B	CNWH66454	0.0	2.0	2.0	1	MR-2026-04278	HIGH
329800	L009-OWSHEL-018F	CNWH67041	0.0	2.0	2.0	1	MR-2026-04726	HIGH
232350	L017-OWPALT-030C	CNWH45292	0.0	1.0	1.0	1	MR-2026-04444	HIGH
232350	L017-OWPALT-024A	CNWH51363	0.0	1.0	1.0	1	MR-2026-04443	HIGH
232350	L017-OWPALT-024A	CNWH62401	0.0	1.0	1.0	1	MR-2026-04442	HIGH
232381	L017-OWPALT-024A	CNWH51363	0.0	1.0	1.0	1	MR-2026-04443	HIGH
232393	L017-OWPALT-024A	CNWH51363	0.0	1.0	1.0	1	MR-2026-04443	HIGH
232398	L017-OWPALT-024A	CNWH62401	0.0	1.0	1.0	1	MR-2026-04444	HIGH
232399	L017-OWPALT-024A	CNWH51363	0.0	1.0	1.0	1	MR-2026-04444	HIGH
232399	L017-OWPALT-039B	CNWH65812	0.0	1.0	1.0	1	MR-2026-04442	HIGH
247782	L001-OWPALT-049A	CNWH12844	5.0	6.0	1.0	1	MR-2026-04674	MEDIUM
247782	L001-OWPALT-071B	CNWH60756	0.0	1.0	1.0	1	MR-2026-04672	HIGH
247782	L001-OWPALT-032A	CNWH69723	0.0	1.0	1.0	1	MR-2026-04668	HIGH
256097	L001-OWPALT-056A	CNWH15350	0.0	1.0	1.0	1	MR-2026-04675	HIGH
263315	L001-OWPALT-051C	CNWH10839	0.0	1.0	1.0	1	MR-2026-04670	HIGH
263315	L003-OWPALT-049A	CNWH69296	0.0	1.0	1.0	1	MR-2026-04667	HIGH
263315	L003-OWPALT-054C	CNWH69300	0.0	1.0	1.0	1	MR-2026-04669	HIGH
263315	L001-OWPALT-033A	CNWH69814	0.0	1.0	1.0	1	MR-2026-04674	HIGH
265752	L015-OWPALT-003C	CNWH66201	0.0	1.0	1.0	1	MR-2026-04700	HIGH
267358	L002-OWPALT-010B	CNWH05636	0.0	1.0	1.0	1	MR-2026-04672	HIGH
267358	L003-OWPALT-031B	CNWH05673	0.0	1.0	1.0	1	MR-2026-04670	HIGH
267358	L003-OWPALT-031B	CNWH05674	0.0	1.0	1.0	1	MR-2026-04668	HIGH
267358	L003-OWPALT-031B	CNWH05676	0.0	1.0	1.0	1	MR-2026-04668	HIGH
267358	L003-OWPALT-031B	CNWH05677	0.0	1.0	1.0	1	MR-2026-04670	HIGH
267358	L003-OWPALT-031B	CNWH05678	0.0	1.0	1.0	1	MR-2026-04670	HIGH
267358	L003-OWPALT-051C	CNWH05685	0.0	1.0	1.0	1	MR-2026-04672	HIGH
267358	L002-OWPALT-064A	CNWH05711	0.0	1.0	1.0	1	MR-2026-04669	HIGH
267358	L002-OWPALT-058B	CNWH12695	0.0	1.0	1.0	1	MR-2026-04672	HIGH
267358	L003-OWPALT-056A	CNWH15146	0.0	1.0	1.0	1	MR-2026-04668	HIGH
267358	L003-OWPALT-031B	CNWH15147	0.0	1.0	1.0	1	MR-2026-04670	HIGH
267358	L003-OWPALT-031B	CNWH15148	0.0	1.0	1.0	1	MR-2026-04670	HIGH
267358	L003-OWPALT-031B	CNWH15151	0.0	1.0	1.0	1	MR-2026-04670	HIGH
267358	L002-OWPALT-032A	CNWH25896	0.0	1.0	1.0	1	MR-2026-04674	HIGH
267358	L002-OWPALT-032A	CNWH25899	0.0	1.0	1.0	1	MR-2026-04669	HIGH
267358	L002-OWPALT-058B	CNWH42249	0.0	1.0	1.0	1	MR-2026-04672	HIGH
267358	L002-OWPALT-010B	CNWH51081	0.0	1.0	1.0	1	MR-2026-04672	HIGH
267358	L002-OWPALT-009A	CNWH56699	0.0	1.0	1.0	1	MR-2026-04667	HIGH
267358	L002-OWPALT-016A	CNWH62428	0.0	1.0	1.0	1	MR-2026-04672	HIGH
267358	L002-OWPALT-058B	CNWH63602	0.0	1.0	1.0	1	MR-2026-04672	HIGH
267358	L002-OWPALT-026B	CNWH67858	0.0	1.0	1.0	1	MR-2026-04672	HIGH
286394	L008-OWSHEL-018F	CNWH62359	0.0	1.0	1.0	1	MR-2026-04680	HIGH
287133	L008-OWSHEL-009D	CNWH66050	0.0	1.0	1.0	1	MR-2026-04699	HIGH
287705	L001-OWPALT-016A	CNWH15935	0.0	1.0	1.0	1	MR-2026-04672	HIGH
287705	L001-OWPALT-016A	CNWH15937	0.0	1.0	1.0	1	MR-2026-04672	HIGH
302018	L016-OWPALT-015B	CNWH64938	1.0	2.0	1.0	1	MR-2026-04410	MEDIUM
302018	L016-OWPALT-015B	CNWH66168	0.0	1.0	1.0	1	MR-2026-04364	HIGH
302024	L009-OWSHEL-043F	CNWH64363	0.0	1.0	1.0	1	MR-2026-04351	HIGH
302035	L009-OWSHEL-027C	CNWH60198	1.0	2.0	1.0	1	MR-2026-04399	MEDIUM
302035	L009-OWSHEL-012A	CNWH66420	1.0	2.0	1.0	1	MR-2026-04410	MEDIUM
302041	L009-OWSHEL-020E	CNWH54884	0.0	1.0	1.0	1	MR-2026-04433	HIGH
302041	L009-OWSHEL-041E	CNWH55840	0.0	1.0	1.0	1	MR-2026-04329	HIGH
302041	L009-OWSHEL-007F	CNWH64300	0.0	1.0	1.0	1	MR-2026-04341	HIGH
302041	L010-OWSHEL-044E	CNWH65115	0.0	1.0	1.0	1	MR-2026-04341	HIGH
302043	L016-OWPALT-015B	CNWH64938	0.0	1.0	1.0	1	MR-2026-04329	HIGH
302053	L009-OWSHEL-012A	CNWH66420	0.0	1.0	1.0	1	MR-2026-04364	HIGH
302053	L009-OWSHEL-027C	CNWH66782	0.0	1.0	1.0	2	MR-2026-04317;MR-2026-04341	HIGH
302083	L016-OWPALT-015B	CNWH64938	0.0	1.0	1.0	1	MR-2026-04341	HIGH
302091	L016-OWPALT-032A	CNWH66081	0.0	1.0	1.0	1	MR-2026-04376	HIGH
302096	L009-OWSHEL-027C	CNWH60469	0.0	1.0	1.0	1	MR-2026-04317	HIGH
302096	L016-OWPALT-032A	CNWH66732	0.0	1.0	1.0	1	MR-2026-04388	HIGH
303910	L002-OWPALT-049A	CNWH49432	0.0	1.0	1.0	1	MR-2026-04667	HIGH
303910	L002-OWPALT-049A	CNWH49561	0.0	1.0	1.0	1	MR-2026-04674	HIGH
303910	L002-OWPALT-049A	CNWH49562	0.0	1.0	1.0	1	MR-2026-04677	HIGH
303910	L002-OWPALT-049A	CNWH49563	0.0	1.0	1.0	1	MR-2026-04670	HIGH
308315	L002-OWPALT-034B	CNWH44167	0.0	1.0	1.0	1	MR-2026-04669	HIGH
314533	L010-OWSHEL-044E	CNWH65115	0.0	1.0	1.0	1	MR-2026-04388	HIGH
314546	L009-OWSHEL-006F	CNWH64315	0.0	1.0	1.0	1	MR-2026-04341	HIGH
314546	L009-OWSHEL-009D	CNWH66449	3.0	4.0	1.0	1	MR-2026-04376	MEDIUM
314570	L009-OWSHEL-009D	CNWH66449	0.0	1.0	1.0	1	MR-2026-04341	HIGH
314583	L009-OWSHEL-043F	CNWH64288	0.0	1.0	1.0	1	MR-2026-04351	HIGH
314638	B006-OWSHEL-015C	CNWH52126	0.0	1.0	1.0	1	MR-2026-03793	HIGH
314638	B006-OWSHEL-015C	CNWH52128	0.0	1.0	1.0	1	MR-2026-03724	HIGH
314659	B006-OWSHEL-015C	CNWH52104	0.0	1.0	1.0	1	MR-2026-03753	HIGH
314659	B006-OWSHEL-015C	CNWH52128	0.0	1.0	1.0	1	MR-2026-03753	HIGH
315149	L022-OWPALT-009A	CNWH65569	1.0	2.0	1.0	1	MR-2026-04837	MEDIUM
318477	B004-OWSHEL-003C	CNWH62230	0.0	1.0	1.0	1	MR-2026-03793	HIGH
318483	B004-OWSHEL-023B	CNWH55593	0.0	1.0	1.0	1	MR-2026-03783	HIGH
318483	B005-OWSHEL-003C	CNWH62258	0.0	1.0	1.0	1	MR-2026-03793	HIGH
318505	B002-OWSHEL-011B	CNWH55589	0.0	1.0	1.0	1	MR-2026-03793	HIGH
318505	B002-OWSHEL-011B	CNWH55597	0.0	1.0	1.0	1	MR-2026-03793	HIGH
318505	B003-OWSHEL-012A	CNWH55600	1.0	2.0	1.0	1	MR-2026-03733	MEDIUM
318505	B004-OWSHEL-024A	CNWH55609	1.0	2.0	1.0	1	MR-2026-03724	MEDIUM
318505	B003-OWSHEL-012A	CNWH69232	0.0	1.0	1.0	1	MR-2026-03733	HIGH
318519	B003-OWSHEL-012A	CNWH55600	0.0	1.0	1.0	1	MR-2026-03783	HIGH
320124	L001-OWPALT-064A	CNWH64575	0.0	1.0	1.0	1	MR-2026-04678	HIGH
320125	L001-OWPALT-065A	CNWH55406	0.0	1.0	1.0	1	MR-2026-04672	HIGH
320125	L001-OWPALT-057A	CNWH64585	1.0	2.0	1.0	1	MR-2026-04670	MEDIUM
320127	L001-OWPALT-065A	CNWH64589	0.0	1.0	1.0	1	MR-2026-04672	HIGH
320127	L001-OWPALT-049A	CNWH67848	0.0	1.0	1.0	1	MR-2026-04668	HIGH
321202	L016-OWPALT-010B	CNWH54161	0.0	1.0	1.0	1	MR-2026-04153	HIGH
321202	L016-OWPALT-026B	CNWH59191	0.0	1.0	1.0	1	MR-2026-04229	HIGH
321202	L010-OWSHEL-017E	CNWH59714	0.0	1.0	1.0	2	MR-2026-04203;MR-2026-04216	HIGH
321981	B003-OWSHEL-025A	CNWH63763	2.0	3.0	1.0	1	MR-2026-04042	MEDIUM
321981	B002-OWSHEL-014B	CNWH63827	0.0	1.0	1.0	1	MR-2026-04055	HIGH
321981	B004-OWSHEL-002B	CNWH63880	0.0	1.0	1.0	1	MR-2026-03949	HIGH
321981	B002-OWSHEL-011B	CNWH68296	0.0	1.0	1.0	1	MR-2026-03942	HIGH
321982	B003-OWSHEL-025A	CNWH63740	0.0	1.0	1.0	1	MR-2026-04001	HIGH
321982	B003-OWSHEL-001A	CNWH63826	0.0	1.0	1.0	1	MR-2026-04033	HIGH
321982	B005-OWSHEL-003C	CNWH64828	0.0	1.0	1.0	1	MR-2026-04033	HIGH
321985	B003-OWSHEL-025A	CNWH63735	0.0	1.0	1.0	1	MR-2026-04020	HIGH
321985	B003-OWSHEL-025A	CNWH63766	0.0	1.0	1.0	1	MR-2026-04001	HIGH
321985	B004-OWSHEL-001A	CNWH63777	1.0	2.0	1.0	1	MR-2026-04662	MEDIUM
321985	B004-OWSHEL-001A	CNWH63778	0.0	1.0	1.0	1	MR-2026-04664	HIGH
321985	B003-OWSHEL-025A	CNWH63785	0.0	1.0	1.0	2	MR-2026-04001;MR-2026-04020	HIGH
321985	B004-OWSHEL-002B	CNWH64002	1.0	2.0	1.0	1	MR-2026-03919	MEDIUM
321986	B003-OWSHEL-025A	CNWH63735	0.0	1.0	1.0	1	MR-2026-03942	HIGH
321988	B004-OWSHEL-002B	CNWH63775	2.0	3.0	1.0	1	MR-2026-04666	MEDIUM
321988	B004-OWSHEL-001A	CNWH63777	1.0	2.0	1.0	1	MR-2026-04020	MEDIUM
321988	B004-OWSHEL-001A	CNWH63778	0.0	1.0	1.0	1	MR-2026-04656	HIGH
321991	B004-OWSHEL-026B	CNWH63921	0.0	1.0	1.0	2	MR-2026-04001;MR-2026-04013	HIGH
321992	B004-OWSHEL-026B	CNWH63746	2.0	3.0	1.0	1	MR-2026-04013	MEDIUM
321993	B005-OWSHEL-002B	CNWH64064	0.0	1.0	1.0	1	MR-2026-04033	HIGH
321993	B005-OWSHEL-002B	CNWH64208	0.0	1.0	1.0	1	MR-2026-04033	HIGH
321993	B005-OWSHEL-036A	CNWH64234	0.0	1.0	1.0	1	MR-2026-04661	HIGH
321993	B005-OWSHEL-036A	CNWH64239	0.0	1.0	1.0	1	MR-2026-04661	HIGH
321994	B005-OWSHEL-002B	CNWH63950	0.0	1.0	1.0	2	MR-2026-03988;MR-2026-04042	HIGH
321994	B005-OWSHEL-002B	CNWH64064	1.0	2.0	1.0	1	MR-2026-04033	MEDIUM
322022	B004-OWSHEL-026B	CNWH64203	0.0	1.0	1.0	1	MR-2026-04658	HIGH
322023	B005-OWSHEL-002B	CNWH63893	2.0	3.0	1.0	1	MR-2026-04657	MEDIUM
322023	B004-OWSHEL-026B	CNWH64213	0.0	1.0	1.0	1	MR-2026-04658	HIGH
322023	B004-OWSHEL-026B	CNWH64233	0.0	1.0	1.0	1	MR-2026-04055	HIGH
322024	B004-OWSHEL-025A	CNWH64227	0.0	1.0	1.0	1	MR-2026-04664	HIGH
322027	B004-OWSHEL-002B	CNWH63880	0.0	1.0	1.0	1	MR-2026-04055	HIGH
322027	B004-OWSHEL-026B	CNWH63882	1.0	2.0	1.0	1	MR-2026-04033	MEDIUM
322028	B004-OWSHEL-026B	CNWH63882	1.0	2.0	1.0	1	MR-2026-03919	MEDIUM
322028	B004-OWSHEL-002B	CNWH64002	0.0	1.0	1.0	1	MR-2026-04020	HIGH
322028	B004-OWSHEL-026B	CNWH64203	0.0	1.0	1.0	1	MR-2026-04013	HIGH
322029	B004-OWSHEL-002B	CNWH63731	0.0	1.0	1.0	1	MR-2026-03949	HIGH
322029	B004-OWSHEL-002B	CNWH63781	0.0	1.0	1.0	2	MR-2026-04658;MR-2026-04666	HIGH
322029	B002-OWSHEL-013A	CNWH63824	0.0	1.0	1.0	1	MR-2026-03942	HIGH
322029	B004-OWSHEL-027C	CNWH63874	0.0	1.0	1.0	1	MR-2026-03988	HIGH
322029	B004-OWSHEL-002B	CNWH63880	0.0	1.0	1.0	1	MR-2026-04001	HIGH
322029	B004-OWSHEL-026B	CNWH63882	0.0	1.0	1.0	1	MR-2026-04033	HIGH
322029	B004-OWSHEL-002B	CNWH64002	0.0	1.0	1.0	1	MR-2026-03949	HIGH
322029	B004-OWSHEL-026B	CNWH64193	0.0	1.0	1.0	1	MR-2026-03988	HIGH
322029	B004-OWSHEL-026B	CNWH64203	1.0	2.0	1.0	1	MR-2026-04659	MEDIUM
322039	B004-OWSHEL-025A	CNWH63738	0.0	1.0	1.0	1	MR-2026-04013	HIGH
322039	B004-OWSHEL-025A	CNWH63749	0.0	1.0	1.0	1	MR-2026-04020	HIGH
322039	B004-OWSHEL-025A	CNWH63753	1.0	2.0	1.0	1	MR-2026-04657	MEDIUM
322039	B004-OWSHEL-025A	CNWH64194	0.0	1.0	1.0	1	MR-2026-04001	HIGH
322042	B004-OWSHEL-025A	CNWH63738	0.0	1.0	1.0	2	MR-2026-03919;MR-2026-03949	HIGH
322042	B004-OWSHEL-025A	CNWH63744	1.0	2.0	1.0	1	MR-2026-04033	MEDIUM
322042	B003-OWSHEL-025A	CNWH63783	1.0	2.0	1.0	1	MR-2026-04658	MEDIUM
322047	B004-OWSHEL-026B	CNWH64233	0.0	1.0	1.0	1	MR-2026-04656	HIGH
322047	B005-OWSHEL-036A	CNWH64239	2.0	3.0	1.0	1	MR-2026-04033	MEDIUM
322047	B005-OWSHEL-002B	CNWH64243	1.0	2.0	1.0	1	MR-2026-03929	MEDIUM
322048	B005-OWSHEL-002B	CNWH63893	0.0	1.0	1.0	1	MR-2026-03988	HIGH
322048	B005-OWSHEL-036A	CNWH64234	0.0	1.0	1.0	1	MR-2026-03949	HIGH
322048	B005-OWSHEL-002B	CNWH64243	0.0	1.0	1.0	1	MR-2026-04033	HIGH
322058	B005-OWSHEL-003C	CNWH57151	0.0	1.0	1.0	1	MR-2026-04665	HIGH
322058	B005-OWSHEL-002B	CNWH63893	0.0	1.0	1.0	1	MR-2026-03929	HIGH
322059	B005-OWSHEL-002B	CNWH63893	0.0	1.0	1.0	1	MR-2026-03929	HIGH
322059	B005-OWSHEL-036A	CNWH63956	0.0	1.0	1.0	1	MR-2026-04659	HIGH
322059	B002-OWSHEL-001A	CNWH64063	1.0	2.0	1.0	1	MR-2026-03942	MEDIUM
322059	B002-OWSHEL-001A	CNWH64164	1.0	2.0	1.0	1	MR-2026-04666	MEDIUM
322060	B002-OWSHEL-001A	CNWH64063	0.0	1.0	1.0	1	MR-2026-03942	HIGH
322060	B005-OWSHEL-002B	CNWH64064	0.0	1.0	1.0	1	MR-2026-04033	HIGH
322060	B002-OWSHEL-001A	CNWH64164	0.0	1.0	1.0	1	MR-2026-03949	HIGH
322064	B004-OWSHEL-026B	CNWH63921	0.0	1.0	1.0	1	MR-2026-03942	HIGH
322064	B004-OWSHEL-025A	CNWH64001	0.0	1.0	1.0	1	MR-2026-04042	HIGH
322070	B004-OWSHEL-002B	CNWH63731	0.0	1.0	1.0	1	MR-2026-04013	HIGH
322071	B004-OWSHEL-002B	CNWH63731	0.0	1.0	1.0	1	MR-2026-04013	HIGH
322071	B002-OWSHEL-014B	CNWH63814	0.0	1.0	1.0	2	MR-2026-03942;MR-2026-03962	HIGH
322071	B002-OWSHEL-014B	CNWH63827	0.0	1.0	1.0	2	MR-2026-04033;MR-2026-04055	HIGH
322071	B004-OWSHEL-025A	CNWH64001	1.0	2.0	1.0	1	MR-2026-03942	MEDIUM
322072	B002-OWSHEL-014B	CNWH63814	0.0	1.0	1.0	1	MR-2026-03942	HIGH
322072	B004-OWSHEL-027C	CNWH63881	0.0	1.0	1.0	1	MR-2026-04660	HIGH
322072	B004-OWSHEL-002B	CNWH63979	0.0	1.0	1.0	1	MR-2026-04658	HIGH
322081	B003-OWSHEL-001A	CNWH63821	1.0	2.0	1.0	1	MR-2026-04033	MEDIUM
322081	B002-OWSHEL-014B	CNWH63831	1.0	2.0	1.0	1	MR-2026-03962	MEDIUM
322081	B002-OWSHEL-014B	CNWH63841	0.0	1.0	1.0	1	MR-2026-03962	HIGH
322082	B002-OWSHEL-013A	CNWH63836	2.0	3.0	1.0	1	MR-2026-04659	MEDIUM
322085	B002-OWSHEL-013A	CNWH63836	0.0	1.0	1.0	1	MR-2026-03942	HIGH
322085	B002-OWSHEL-001A	CNWH63955	0.0	1.0	1.0	1	MR-2026-04001	HIGH
322130	L010-OWSHEL-006F	CNWH56487	0.0	1.0	1.0	1	MR-2026-04285	HIGH
322130	L010-OWSHEL-034C	CNWH61990	0.0	1.0	1.0	1	MR-2026-04286	HIGH
322130	L016-OWPALT-056A	CNWH64097	0.0	1.0	1.0	1	MR-2026-04292	HIGH
322134	L010-OWSHEL-006F	CNWH56487	0.0	1.0	1.0	1	MR-2026-04292	HIGH
322134	L016-OWPALT-056A	CNWH64097	0.0	1.0	1.0	1	MR-2026-04287	HIGH
322160	L009-OWSHEL-005E	CNWH61076	0.0	1.0	1.0	1	MR-2026-04291	HIGH
322161	L016-OWPALT-056A	CNWH64097	0.0	1.0	1.0	1	MR-2026-04287	HIGH
322187	L009-OWSHEL-005E	CNWH61121	0.0	1.0	1.0	1	MR-2026-04286	HIGH
322187	L009-OWSHEL-040D	CNWH62334	0.0	1.0	1.0	1	MR-2026-04291	HIGH
322191	L009-OWSHEL-040D	CNWH62334	1.0	2.0	1.0	2	MR-2026-04283;MR-2026-04284	MEDIUM
322202	L016-OWPALT-056A	CNWH64097	0.0	1.0	1.0	1	MR-2026-04292	HIGH
322203	L010-OWSHEL-040D	CNWH61112	0.0	1.0	1.0	1	MR-2026-04291	HIGH
322203	L016-OWPALT-056A	CNWH64097	0.0	1.0	1.0	1	MR-2026-04292	HIGH
322210	L010-OWSHEL-037A	CNWH61118	1.0	2.0	1.0	1	MR-2026-04284	MEDIUM
322211	L010-OWSHEL-040D	CNWH61116	0.0	1.0	1.0	2	MR-2026-04290;MR-2026-04291	HIGH
322211	L010-OWSHEL-039C	CNWH61692	0.0	1.0	1.0	1	MR-2026-04293	HIGH
322226	L010-OWSHEL-037A	CNWH61079	0.0	1.0	1.0	1	MR-2026-04289	HIGH
322230	L010-OWSHEL-037A	CNWH61079	0.0	1.0	1.0	2	MR-2026-04293;MR-2026-04294	HIGH
322230	L010-OWSHEL-037A	CNWH61090	0.0	1.0	1.0	1	MR-2026-04294	HIGH
322230	L010-OWSHEL-038B	CNWH61110	0.0	1.0	1.0	2	MR-2026-04287;MR-2026-04293	HIGH
322230	L010-OWSHEL-037A	CNWH61140	0.0	1.0	1.0	1	MR-2026-04291	HIGH
322235	L010-OWSHEL-039C	CNWH61108	0.0	1.0	1.0	2	MR-2026-04283;MR-2026-04285	HIGH
322235	L010-OWSHEL-038B	CNWH62333	0.0	1.0	1.0	1	MR-2026-04292	HIGH
322239	L010-OWSHEL-038B	CNWH61145	0.0	1.0	1.0	3	MR-2026-04284;MR-2026-04285;MR-2026-04289	HIGH
322295	L017-OWPALT-022C	CNWH59806	0.0	1.0	1.0	1	MR-2026-04341	HIGH
322295	L017-OWPALT-030C	CNWH63656	0.0	1.0	1.0	1	MR-2026-04329	HIGH
322299	L017-OWPALT-046C	CNWH59804	0.0	1.0	1.0	1	MR-2026-04376	HIGH
322347	L017-OWPALT-015B	CNWH59791	0.0	1.0	1.0	1	MR-2026-04341	HIGH
322388	L010-OWSHEL-002B	CNWH60905	2.0	3.0	1.0	1	MR-2026-03836	MEDIUM
322392	L010-OWSHEL-003C	CNWH60253	0.0	1.0	1.0	1	MR-2026-03890	HIGH
322392	L010-OWSHEL-025A	CNWH60594	0.0	1.0	1.0	1	MR-2026-03887	HIGH
322410	L010-OWSHEL-036A	CNWH60669	0.0	1.0	1.0	1	MR-2026-03864	HIGH
322435	L010-OWSHEL-021D	CNWH59827	0.0	1.0	1.0	1	MR-2026-03879	HIGH
322435	L010-OWSHEL-021D	CNWH59840	0.0	1.0	1.0	1	MR-2026-03879	HIGH
322439	L010-OWSHEL-021D	CNWH59827	0.0	1.0	1.0	1	MR-2026-03907	HIGH
322446	L010-OWSHEL-048A	CNWH59830	1.0	2.0	1.0	1	MR-2026-03864	MEDIUM
322446	L010-OWSHEL-047B	CNWH59850	0.0	1.0	1.0	1	MR-2026-03900	HIGH
322446	L009-OWSHEL-037A	CNWH61207	0.0	1.0	1.0	1	MR-2026-03883	HIGH
322452	L010-OWSHEL-048A	CNWH59855	0.0	1.0	1.0	1	MR-2026-03854	HIGH
322482	L010-OWSHEL-015C	CNWH61215	0.0	1.0	1.0	1	MR-2026-03843	HIGH
322515	L010-OWSHEL-011B	CNWH60880	0.0	1.0	1.0	1	MR-2026-03879	HIGH
322516	L009-OWSHEL-038B	CNWH60948	0.0	1.0	1.0	1	MR-2026-03854	HIGH
322523	L010-OWSHEL-032E	CNWH60680	0.0	1.0	1.0	1	MR-2026-03900	HIGH
322533	L010-OWSHEL-012A	CNWH60269	0.0	1.0	1.0	1	MR-2026-03864	HIGH
322535	L010-OWSHEL-011B	CNWH60254	0.0	1.0	1.0	1	MR-2026-03854	HIGH
322542	L010-OWSHEL-014B	CNWH60235	1.0	2.0	1.0	1	MR-2026-03843	MEDIUM
322543	L010-OWSHEL-012A	CNWH60887	1.0	2.0	1.0	1	MR-2026-03900	MEDIUM
322546	L010-OWSHEL-012A	CNWH60199	0.0	1.0	1.0	1	MR-2026-03883	HIGH
322575	L017-OWPALT-031B	CNWH60879	3.0	4.0	1.0	1	MR-2026-03843	MEDIUM
322583	L017-OWPALT-031B	CNWH60874	3.0	4.0	1.0	1	MR-2026-03843	MEDIUM
322607	L017-OWPALT-015B	CNWH60635	0.0	1.0	1.0	2	MR-2026-03883;MR-2026-03907	HIGH
322611	L010-OWSHEL-028D	CNWH59773	1.0	2.0	1.0	1	MR-2026-04166	MEDIUM
322623	L016-OWPALT-026B	CNWH56477	1.0	2.0	1.0	1	MR-2026-04153	MEDIUM
322686	B006-OWSHEL-013A	CNWH61011	0.0	1.0	1.0	1	MR-2026-03793	HIGH
322686	B006-OWSHEL-013A	CNWH61023	0.0	1.0	1.0	1	MR-2026-03733	HIGH
322769	L001-OWPALT-024A	CNWH69815	0.0	1.0	1.0	2	MR-2026-04667;MR-2026-04668	HIGH
324092	L009-OWSHEL-020E	CNWH63670	0.0	1.0	1.0	1	MR-2026-04166	HIGH
324092	L016-OWPALT-047B	CNWH67940	0.0	1.0	1.0	1	MR-2026-04266	HIGH
324245	L001-OWPALT-055B	CNWH62776	0.0	1.0	1.0	1	MR-2026-04668	HIGH
324250	L001-OWPALT-017A	CNWH63376	0.0	1.0	1.0	1	MR-2026-04670	HIGH
326833	L009-OWSHEL-024A	CNWH66452	3.0	4.0	1.0	1	MR-2026-04277	MEDIUM
326848	L009-OWSHEL-024A	CNWH66453	0.0	1.0	1.0	1	MR-2026-04726	HIGH
326853	L009-OWSHEL-010C	CNWH66423	0.0	1.0	1.0	1	MR-2026-04276	HIGH
326853	L009-OWSHEL-024A	CNWH66448	0.0	1.0	1.0	1	MR-2026-04275	HIGH
326861	L009-OWSHEL-023B	CNWH66459	0.0	1.0	1.0	1	MR-2026-04271	HIGH
326873	L016-OWPALT-014C	CNWH58174	0.0	1.0	1.0	1	MR-2026-04272	HIGH
326873	L009-OWSHEL-013A	CNWH64827	0.0	1.0	1.0	1	MR-2026-04276	HIGH
327932	L017-OWPALT-038C	CNWH53607	0.0	1.0	1.0	1	MR-2026-04729	HIGH
327932	L017-OWPALT-038C	CNWH54660	0.0	1.0	1.0	1	MR-2026-04727	HIGH
327941	L017-OWPALT-038C	CNWH54660	1.0	2.0	1.0	1	MR-2026-04727	MEDIUM
327945	L017-OWPALT-038C	CNWH53607	0.0	1.0	1.0	2	MR-2026-04730;MR-2026-04734	HIGH
329662	L017-OWPALT-015B	CNWH67049	0.0	1.0	1.0	1	MR-2026-04166	HIGH
329693	L017-OWPALT-015B	CNWH67034	0.0	1.0	1.0	1	MR-2026-04166	HIGH
329698	L017-OWPALT-015B	CNWH67028	0.0	1.0	1.0	1	MR-2026-04254	HIGH
329698	L017-OWPALT-015B	CNWH67034	0.0	1.0	1.0	1	MR-2026-04203	HIGH
329701	L017-OWPALT-015B	CNWH67028	0.0	1.0	1.0	1	MR-2026-04140	HIGH
329701	L017-OWPALT-015B	CNWH67032	0.0	1.0	1.0	1	MR-2026-04153	HIGH
329705	L017-OWPALT-015B	CNWH67049	0.0	1.0	1.0	1	MR-2026-04192	HIGH
329706	L017-OWPALT-027C	CNWH60628	0.0	1.0	1.0	1	MR-2026-04254	HIGH
329706	L017-OWPALT-015B	CNWH67034	1.0	2.0	1.0	1	MR-2026-04726	MEDIUM
329857	L017-OWPALT-039B	CNWH02068	0.0	1.0	1.0	1	MR-2026-04732	HIGH
329957	L017-OWPALT-022C	CNWH61956	0.0	1.0	1.0	1	MR-2026-04730	HIGH
