item_code	bin_location	carton_id	total_desktop_qty	mr_count	affected_mrs	has_blocker	team_verified	team_confirmed_qty	team_notes
315136	L022-OWPALT-008A	CNWH67084	56.0	2	MR-2026-04836;MR-2026-04837	N			
315139	L022-OWPALT-002B	CNWH65676	41.0	2	MR-2026-04833;MR-2026-04837	Y			
315136	L022-OWPALT-008A	CNWH65486	34.0	2	MR-2026-04833;MR-2026-04837	N			
315135	L022-OWPALT-009A	CNWH65601	30.0	1	MR-2026-04836	Y			
315135	L022-OWPALT-008A	CNWH67084	30.0	1	MR-2026-04837	Y			
315137	L022-OWPALT-008A	CNWH65756	30.0	2	MR-2026-04833;MR-2026-04837	N			
315140	L022-OWPALT-008A	CNWH65790	30.0	1	MR-2026-04833	Y			
315144	L022-OWPALT-007B	CNWH67091	30.0	1	MR-2026-04836	N			
315145	L022-OWPALT-007B	CNWH54860	30.0	1	MR-2026-04836	Y			
315145	L022-OWPALT-011C	CNWH66226	30.0	1	MR-2026-04837	N			
315146	L022-OWPALT-022C	CNWH60979	30.0	1	MR-2026-04836	N			
315146	L022-OWPALT-008A	CNWH65490	30.0	1	MR-2026-04837	N			
315147	L022-OWPALT-007B	CNWH27388	30.0	1	MR-2026-04836	N			
315147	L022-OWPALT-001A	CNWH68067	30.0	1	MR-2026-04837	N			
315148	L022-OWPALT-007B	CNWH67091	30.0	1	MR-2026-04836	N			
315148	L022-OWPALT-008A	CNWH67086	30.0	1	MR-2026-04837	N			
315140	L022-OWPALT-008A	CNWH67088	27.0	1	MR-2026-04836	N			
315139	L022-OWPALT-007B	CNWH66165	26.0	1	MR-2026-04836	Y			
315141	L022-OWPALT-008A	CNWH67088	25.0	2	MR-2026-04836;MR-2026-04837	N			
315138	L022-OWPALT-002B	CNWH64772	24.0	3	MR-2026-04833;MR-2026-04836;MR-2026-04837	Y			
315142	L022-OWPALT-002B	CNWH65675	24.0	2	MR-2026-04833;MR-2026-04837	Y			
315141	L022-OWPALT-008A	CNWH65790	23.0	1	MR-2026-04836	N			
315145	L022-OWPALT-001A	CNWH54915	23.0	1	MR-2026-04833	Y			
315140	L022-OWPALT-009A	CNWH08170	20.0	1	MR-2026-04837	N			
315144	L022-OWPALT-008A	CNWH67087	20.0	1	MR-2026-04833	N			
315146	L022-OWPALT-008A	CNWH65493	20.0	1	MR-2026-04833	N			
266198	L008-OWSHEL-013A	CNWH26274	16.0	2	MR-2026-04679;MR-2026-04680	N			
320125	L001-OWPALT-057A	CNWH64595	16.0	1	MR-2026-04676	N			
232374	L017-OWPALT-024A	CNWH62401	15.0	2	MR-2026-04442;MR-2026-04445	N			
315138	L022-OWPALT-009A	CNWH08170	15.0	1	MR-2026-04833	N			
315142	L022-OWPALT-008A	CNWH65790	13.0	1	MR-2026-04836	N			
232374	L017-OWPALT-024A	CNWH51363	12.0	2	MR-2026-04443;MR-2026-04445	Y			
266019	L008-OWSHEL-025A	CNWH46502	12.0	1	MR-2026-04679	N			
247782	L001-OWPALT-049A	CNWH12844	11.0	2	MR-2026-04670;MR-2026-04674	Y			
315148	L022-OWPALT-007B	CNWH65666	11.0	1	MR-2026-04833	N			
315141	L022-OWPALT-008A	CNWH65486	10.0	1	MR-2026-04837	N			
315146	L022-OWPALT-007B	CNWH54860	10.0	1	MR-2026-04833	N			
232375	L017-OWPALT-024A	CNWH51363	9.0	3	MR-2026-04442;MR-2026-04443;MR-2026-04444	Y			
232375	L017-OWPALT-024A	CNWH62401	9.0	2	MR-2026-04442;MR-2026-04445	N			
286603	L008-OWSHEL-030F	CNWH62480	9.0	1	MR-2026-04679	N			
315138	L022-OWPALT-003C	CNWH65745	9.0	1	MR-2026-04837	N			
315147	L022-OWPALT-008A	CNWH67086	9.0	1	MR-2026-04833	N			
320127	L001-OWPALT-065A	CNWH63569	9.0	3	MR-2026-04668;MR-2026-04675;MR-2026-04678	N			
232381	L017-OWPALT-024A	CNWH62401	8.0	1	MR-2026-04445	N			
266199	L008-OWSHEL-013A	CNWH26274	8.0	2	MR-2026-04679;MR-2026-04680	N			
315138	L022-OWPALT-008A	CNWH67088	8.0	1	MR-2026-04836	N			
315147	L022-OWPALT-001A	CNWH54915	8.0	1	MR-2026-04833	N			
315147	L022-OWPALT-003C	CNWH65750	8.0	1	MR-2026-04833	N			
320125	L001-OWPALT-057A	CNWH64587	8.0	2	MR-2026-04668;MR-2026-04675	Y			
320125	L001-OWPALT-057A	CNWH64591	8.0	2	MR-2026-04670;MR-2026-04674	Y			
320126	L001-OWPALT-080A	CNWH64533	8.0	4	MR-2026-04668;MR-2026-04669;MR-2026-04675;MR-2026-04678	N			
320126	L001-OWPALT-041A	CNWH64553	8.0	2	MR-2026-04670;MR-2026-04672	N			
320126	L001-OWPALT-041A	CNWH64556	8.0	2	MR-2026-04672;MR-2026-04674	Y			
320126	L001-OWPALT-041A	CNWH64562	8.0	2	MR-2026-04672;MR-2026-04673	N			
322161	L009-OWSHEL-005E	CNWH61076	8.0	2	MR-2026-04286;MR-2026-04292	Y			
322516	L016-OWPALT-026B	CNWH24445	8.0	2	MR-2026-03843;MR-2026-03883	N			
322607	L017-OWPALT-046C	CNWH65211	8.0	3	MR-2026-03829;MR-2026-03843;MR-2026-03907	N			
265799	L015-OWPALT-039B	CNWH66341	7.0	1	MR-2026-04699	N			
301435	L009-OWSHEL-041E	CNWH54012	7.0	1	MR-2026-04449	N			
301553	L009-OWSHEL-048A	CNWH60193	7.0	1	MR-2026-04744	N			
312595	L001-OWPALT-065A	CNWH55406	7.0	5	MR-2026-04667;MR-2026-04668;MR-2026-04673;MR-2026-04675;MR-2026-04677	N			
312595	L001-OWPALT-065A	CNWH64589	7.0	1	MR-2026-04673	N			
315139	L022-OWPALT-002B	CNWH65675	7.0	1	MR-2026-04833	N			
315141	L022-OWPALT-002B	CNWH65676	7.0	1	MR-2026-04833	Y			
322389	L010-OWSHEL-015C	CNWH60258	7.0	2	MR-2026-03854;MR-2026-03883	N			
322397	L010-OWSHEL-036A	CNWH60675	7.0	4	MR-2026-03829;MR-2026-03854;MR-2026-03864;MR-2026-03900	N			
322415	L010-OWSHEL-036A	CNWH60644	7.0	2	MR-2026-03829;MR-2026-03854	N			
322468	L010-OWSHEL-015C	CNWH61225	7.0	2	MR-2026-03890;MR-2026-03900	N			
322515	L009-OWSHEL-021D	CNWH66473	7.0	2	MR-2026-03843;MR-2026-03854	N			
322544	L010-OWSHEL-011B	CNWH60239	7.0	2	MR-2026-03890;MR-2026-03900	N			
322569	L017-OWPALT-027C	CNWH60602	7.0	2	MR-2026-03864;MR-2026-03883	N			
247782	L001-OWPALT-071B	CNWH60756	6.0	3	MR-2026-04670;MR-2026-04672;MR-2026-04673	Y			
279306	L001-OWPALT-072A	CNWH12807	6.0	2	MR-2026-04670;MR-2026-04674	N			
301470	L016-OWPALT-007B	CNWH54615	6.0	2	MR-2026-04449;MR-2026-04744	N			
301471	L009-OWSHEL-016D	CNWH66442	6.0	1	MR-2026-04744	N			
301472	L016-OWPALT-040A	CNWH64785	6.0	1	MR-2026-04744	N			
301473	L009-OWSHEL-016D	CNWH66434	6.0	1	MR-2026-04744	N			
301549	L009-OWSHEL-048A	CNWH60248	6.0	1	MR-2026-04744	N			
301550	L009-OWSHEL-048A	CNWH60184	6.0	1	MR-2026-04744	N			
301551	L009-OWSHEL-048A	CNWH60184	6.0	1	MR-2026-04744	N			
301552	L009-OWSHEL-045D	CNWH60617	6.0	1	MR-2026-04744	N			
306412	L001-OWPALT-064A	CNWH42238	6.0	3	MR-2026-04673;MR-2026-04675;MR-2026-04676	N			
315139	L022-OWPALT-009A	CNWH08170	6.0	1	MR-2026-04837	N			
315140	L022-OWPALT-009A	CNWH65601	6.0	1	MR-2026-04837	N			
315142	L022-OWPALT-002B	CNWH64772	6.0	2	MR-2026-04833;MR-2026-04837	Y			
315144	L022-OWPALT-001A	CNWH54915	6.0	1	MR-2026-04833	N			
315148	L022-OWPALT-002B	CNWH65673	6.0	1	MR-2026-04833	N			
315148	L022-OWPALT-003C	CNWH65495	6.0	1	MR-2026-04833	Y			
320123	L001-OWPALT-048A	CNWH64517	6.0	4	MR-2026-04669;MR-2026-04670;MR-2026-04677;MR-2026-04678	N			
320124	L001-OWPALT-057A	CNWH50788	6.0	2	MR-2026-04676;MR-2026-04677	Y			
320125	L001-OWPALT-064A	CNWH64586	6.0	2	MR-2026-04668;MR-2026-04678	N			
320125	L001-OWPALT-064A	CNWH64575	6.0	1	MR-2026-04670	N			
320125	L001-OWPALT-065A	CNWH64580	6.0	1	MR-2026-04673	N			
320128	L001-OWPALT-064A	CNWH63597	6.0	2	MR-2026-04669;MR-2026-04670	N			
320129	L001-OWPALT-079B	CNWH63614	6.0	1	MR-2026-04678	N			
321981	B002-OWSHEL-014B	CNWH63814	6.0	3	MR-2026-03962;MR-2026-04013;MR-2026-04055	N			
322022	B004-OWSHEL-026B	CNWH64233	6.0	2	MR-2026-04055;MR-2026-04658	Y			
322082	B002-OWSHEL-013A	CNWH63828	6.0	1	MR-2026-03942	Y			
322383	L010-OWSHEL-011B	CNWH60606	6.0	2	MR-2026-03864;MR-2026-03883	N			
322408	L010-OWSHEL-035B	CNWH60608	6.0	2	MR-2026-03843;MR-2026-03883	N			
322517	L009-OWSHEL-021D	CNWH66473	6.0	2	MR-2026-03854;MR-2026-03900	N			
322517	L016-OWPALT-026B	CNWH24445	6.0	2	MR-2026-03883;MR-2026-03900	N			
322528	L016-OWPALT-026B	CNWH11422	6.0	2	MR-2026-03843;MR-2026-03854	N			
322532	L010-OWSHEL-011B	CNWH60254	6.0	2	MR-2026-03829;MR-2026-03854	N			
322545	L010-OWSHEL-012A	CNWH60199	6.0	2	MR-2026-03879;MR-2026-03890	N			
326852	L009-OWSHEL-002B	CNWH66391	6.0	1	MR-2026-04275	N			
326853	L009-OWSHEL-024A	CNWH66448	6.0	1	MR-2026-04275	Y			
329693	L017-OWPALT-015B	CNWH67030	6.0	3	MR-2026-04166;MR-2026-04254;MR-2026-04732	N			
232362	L017-OWPALT-039B	CNWH65812	5.0	2	MR-2026-04442;MR-2026-04444	Y			
232381	L017-OWPALT-024A	CNWH51363	5.0	2	MR-2026-04443;MR-2026-04445	Y			
239441	L015-OWPALT-049A	CNWH52430	5.0	1	MR-2026-04699	N			
273300	L008-OWSHEL-030F	CNWH65977	5.0	1	MR-2026-04679	N			
286602	L008-OWSHEL-030F	CNWH62480	5.0	1	MR-2026-04679	N			
315141	L022-OWPALT-008A	CNWH67087	5.0	1	MR-2026-04837	N			
315147	L022-OWPALT-007B	CNWH65666	5.0	1	MR-2026-04833	N			
320126	L001-OWPALT-075C	CNWH64527	5.0	2	MR-2026-04669;MR-2026-04677	N			
320130	L001-OWPALT-079B	CNWH63616	5.0	4	MR-2026-04672;MR-2026-04673;MR-2026-04675;MR-2026-04677	N			
321992	B005-OWSHEL-002B	CNWH63961	5.0	2	MR-2026-03929;MR-2026-04660	N			
322144	L010-OWSHEL-025A	CNWH61991	5.0	2	MR-2026-04286;MR-2026-04287	N			
322185	L009-OWSHEL-040D	CNWH62334	5.0	2	MR-2026-04291;MR-2026-04292	N			
322191	L009-OWSHEL-005E	CNWH61121	5.0	3	MR-2026-04284;MR-2026-04292;MR-2026-04294	Y			
322475	L010-OWSHEL-015C	CNWH61197	5.0	2	MR-2026-03883;MR-2026-03900	N			
322476	L010-OWSHEL-015C	CNWH66443	5.0	3	MR-2026-03829;MR-2026-03864;MR-2026-03879	N			
322481	L010-OWSHEL-015C	CNWH61215	5.0	2	MR-2026-03836;MR-2026-03843	N			
322606	L017-OWPALT-046C	CNWH65211	5.0	2	MR-2026-03854;MR-2026-03890	N			
326877	L009-OWSHEL-009D	CNWH66416	5.0	1	MR-2026-04272	N			
266018	L008-OWSHEL-025A	CNWH46502	4.0	1	MR-2026-04679	N			
268187	L008-OWSHEL-008E	CNWH55821	4.0	1	MR-2026-04680	N			
268188	L008-OWSHEL-008E	CNWH55821	4.0	1	MR-2026-04680	N			
272794	L008-OWSHEL-015C	CNWH58545	4.0	1	MR-2026-04679	N			
272795	L008-OWSHEL-013A	CNWH04811	4.0	1	MR-2026-04679	N			
272806	L015-OWPALT-016A	CNWH06432	4.0	1	MR-2026-04679	N			
274248	L015-OWPALT-006C	CNWH69068	4.0	1	MR-2026-04679	N			
276034	L008-OWSHEL-013A	CNWH46205	4.0	2	MR-2026-04699;MR-2026-04700	N			
287417	L016-OWPALT-006C	CNWH54352	4.0	1	MR-2026-04680	N			
301473	L009-OWSHEL-016D	CNWH66442	4.0	1	MR-2026-04744	N			
314546	L009-OWSHEL-009D	CNWH66449	4.0	1	MR-2026-04376	Y			
314571	L009-OWSHEL-009D	CNWH66449	4.0	1	MR-2026-04341	Y			
315140	L022-OWPALT-009A	CNWH66576	4.0	1	MR-2026-04837	N			
315142	L022-OWPALT-002B	CNWH69833	4.0	1	MR-2026-04833	Y			
315144	L022-OWPALT-003C	CNWH56092	4.0	1	MR-2026-04833	Y			
320123	L001-OWPALT-049A	CNWH64515	4.0	1	MR-2026-04672	N			
320126	L001-OWPALT-040A	CNWH64540	4.0	1	MR-2026-04669	N			
320127	L001-OWPALT-075C	CNWH63556	4.0	1	MR-2026-04669	N			
320127	L001-OWPALT-048A	CNWH53203	4.0	2	MR-2026-04670;MR-2026-04677	N			
320127	L001-OWPALT-065A	CNWH60147	4.0	1	MR-2026-04673	N			
321202	L016-OWPALT-026B	CNWH64810	4.0	1	MR-2026-04179	Y			
321981	B002-OWSHEL-014B	CNWH63805	4.0	3	MR-2026-04658;MR-2026-04660;MR-2026-04661	N			
321991	B005-OWSHEL-002B	CNWH63960	4.0	1	MR-2026-04033	N			
321993	B005-OWSHEL-002B	CNWH63950	4.0	2	MR-2026-03942;MR-2026-04020	Y			
322028	B004-OWSHEL-002B	CNWH63731	4.0	3	MR-2026-04020;MR-2026-04657;MR-2026-04659	N			
322028	B004-OWSHEL-002B	CNWH63729	4.0	2	MR-2026-04055;MR-2026-04659	Y			
322047	B005-OWSHEL-036A	CNWH64239	4.0	2	MR-2026-04033;MR-2026-04660	Y			
322065	B004-OWSHEL-026B	CNWH63921	4.0	2	MR-2026-03942;MR-2026-04033	Y			
322065	B004-OWSHEL-026B	CNWH64203	4.0	1	MR-2026-04033	Y			
322071	B004-OWSHEL-002B	CNWH63998	4.0	2	MR-2026-04013;MR-2026-04656	N			
322071	B004-OWSHEL-002B	CNWH63979	4.0	3	MR-2026-04055;MR-2026-04658;MR-2026-04660	N			
322083	B002-OWSHEL-013A	CNWH63828	4.0	1	MR-2026-03942	Y			
322083	B002-OWSHEL-013A	CNWH63819	4.0	2	MR-2026-04662;MR-2026-04666	N			
322084	B002-OWSHEL-013A	CNWH63819	4.0	3	MR-2026-04659;MR-2026-04661;MR-2026-04662	N			
322137	L010-OWSHEL-034C	CNWH61990	4.0	2	MR-2026-04284;MR-2026-04287	N			
322180	L009-OWSHEL-037A	CNWH61115	4.0	2	MR-2026-04283;MR-2026-04294	N			
322185	L009-OWSHEL-039C	CNWH66406	4.0	2	MR-2026-04283;MR-2026-04289	N			
322186	L009-OWSHEL-039C	CNWH66406	4.0	2	MR-2026-04285;MR-2026-04287	N			
322186	L009-OWSHEL-040D	CNWH62334	4.0	2	MR-2026-04290;MR-2026-04291	N			
322191	L009-OWSHEL-040D	CNWH62334	4.0	2	MR-2026-04283;MR-2026-04284	Y			
322216	L010-OWSHEL-039C	CNWH61126	4.0	2	MR-2026-04284;MR-2026-04286	N			
322234	L010-OWSHEL-038B	CNWH62333	4.0	2	MR-2026-04287;MR-2026-04292	N			
322235	L010-OWSHEL-040D	CNWH61089	4.0	4	MR-2026-04286;MR-2026-04287;MR-2026-04290;MR-2026-04292	N			
322239	L010-OWSHEL-037A	CNWH61090	4.0	2	MR-2026-04286;MR-2026-04289	Y			
322365	L010-OWSHEL-010C	CNWH60634	4.0	2	MR-2026-03883;MR-2026-03907	N			
322380	L010-OWSHEL-014B	CNWH60475	4.0	2	MR-2026-03836;MR-2026-03843	N			
322383	L009-OWSHEL-004D	CNWH60270	4.0	1	MR-2026-03907	N			
322385	L010-OWSHEL-010C	CNWH60596	4.0	2	MR-2026-03864;MR-2026-03890	N			
322385	L010-OWSHEL-011B	CNWH60606	4.0	2	MR-2026-03879;MR-2026-03883	N			
322388	L010-OWSHEL-015C	CNWH60258	4.0	1	MR-2026-03883	N			
322389	L010-OWSHEL-025A	CNWH60594	4.0	1	MR-2026-03879	N			
322390	L010-OWSHEL-009D	CNWH60626	4.0	1	MR-2026-03890	N			
322394	L010-OWSHEL-036A	CNWH60675	4.0	2	MR-2026-03883;MR-2026-03890	N			
322395	L010-OWSHEL-036A	CNWH60675	4.0	1	MR-2026-03854	N			
322396	L009-OWSHEL-046C	CNWH60205	4.0	1	MR-2026-03883	N			
322407	L010-OWSHEL-023B	CNWH60672	4.0	1	MR-2026-03864	N			
322409	L010-OWSHEL-036A	CNWH60669	4.0	2	MR-2026-03836;MR-2026-03854	N			
322419	L010-OWSHEL-025A	CNWH61155	4.0	1	MR-2026-03854	N			
322420	L010-OWSHEL-022C	CNWH61156	4.0	2	MR-2026-03883;MR-2026-03887	N			
322423	L010-OWSHEL-021D	CNWH61228	4.0	2	MR-2026-03843;MR-2026-03879	N			
322428	L009-OWSHEL-017E	CNWH61214	4.0	2	MR-2026-03864;MR-2026-03879	N			
322443	L010-OWSHEL-046C	CNWH59859	4.0	2	MR-2026-03843;MR-2026-03854	N			
322445	L010-OWSHEL-046C	CNWH59859	4.0	1	MR-2026-03864	N			
322445	L009-OWSHEL-037A	CNWH61207	4.0	1	MR-2026-03890	N			
322451	L009-OWSHEL-005E	CNWH61166	4.0	1	MR-2026-03890	N			
322469	L009-OWSHEL-036A	CNWH59838	4.0	1	MR-2026-03854	N			
322472	L009-OWSHEL-033D	CNWH59848	4.0	1	MR-2026-03843	N			
322477	L010-OWSHEL-016D	CNWH61191	4.0	2	MR-2026-03854;MR-2026-03879	N			
322478	L010-OWSHEL-015C	CNWH61215	4.0	2	MR-2026-03843;MR-2026-03864	N			
322480	L010-OWSHEL-015C	CNWH61215	4.0	1	MR-2026-03843	N			
322480	L010-OWSHEL-016D	CNWH61191	4.0	1	MR-2026-03854	N			
322481	L010-OWSHEL-016D	CNWH61191	4.0	1	MR-2026-03883	N			
322504	L010-OWSHEL-004D	CNWH60607	4.0	2	MR-2026-03829;MR-2026-03883	N			
322507	L010-OWSHEL-003C	CNWH60234	4.0	1	MR-2026-03843	N			
322508	L010-OWSHEL-001A	CNWH60928	4.0	1	MR-2026-03883	N			
322509	L010-OWSHEL-004D	CNWH60647	4.0	1	MR-2026-03883	N			
322515	L016-OWPALT-026B	CNWH64810	4.0	1	MR-2026-03900	N			
322521	L010-OWSHEL-001A	CNWH43188	4.0	1	MR-2026-03843	N			
322523	L009-OWSHEL-037A	CNWH60946	4.0	1	MR-2026-03854	Y			
322526	L016-OWPALT-026B	CNWH11422	4.0	1	MR-2026-03843	N			
322529	L016-OWPALT-026B	CNWH11422	4.0	1	MR-2026-03854	N			
322532	L010-OWSHEL-012A	CNWH60269	4.0	1	MR-2026-03843	N			
322569	L017-OWPALT-051C	CNWH57412	4.0	1	MR-2026-03907	N			
322575	L017-OWPALT-031B	CNWH60879	4.0	1	MR-2026-03843	Y			
322583	L017-OWPALT-031B	CNWH60874	4.0	1	MR-2026-03843	Y			
322600	L017-OWPALT-046C	CNWH59804	4.0	1	MR-2026-03890	N			
322601	L017-OWPALT-046C	CNWH59812	4.0	1	MR-2026-03854	N			
322603	L017-OWPALT-015B	CNWH60635	4.0	2	MR-2026-03883;MR-2026-03900	N			
322606	L017-OWPALT-015B	CNWH60635	4.0	1	MR-2026-03900	N			
322624	L016-OWPALT-026B	CNWH56477	4.0	2	MR-2026-04179;MR-2026-04266	N			
326833	L009-OWSHEL-024A	CNWH66452	4.0	1	MR-2026-04277	Y			
326840	L009-OWSHEL-002B	CNWH66384	4.0	1	MR-2026-04275	N			
326847	L009-OWSHEL-013A	CNWH66437	4.0	1	MR-2026-04276	N			
327939	L017-OWPALT-038C	CNWH54660	4.0	2	MR-2026-04726;MR-2026-04729	N			
329680	L017-OWPALT-038C	CNWH56296	4.0	1	MR-2026-04166	N			
232350	L017-OWPALT-024A	CNWH51363	3.0	2	MR-2026-04443;MR-2026-04445	Y			
232362	L017-OWPALT-024A	CNWH62401	3.0	1	MR-2026-04445	N			
232375	L017-OWPALT-039B	CNWH65812	3.0	1	MR-2026-04444	Y			
247785	L001-OWPALT-072A	CNWH15443	3.0	2	MR-2026-04672;MR-2026-04676	N			
247785	L001-OWPALT-077D	CNWH15442	3.0	1	MR-2026-04678	N			
247788	L001-OWPALT-071B	CNWH27072	3.0	3	MR-2026-04672;MR-2026-04675;MR-2026-04676	N			
264913	L015-OWPALT-022C	CNWH64788	3.0	1	MR-2026-04679	N			
265756	L015-OWPALT-049A	CNWH52430	3.0	1	MR-2026-04699	N			
265757	L015-OWPALT-049A	CNWH52430	3.0	1	MR-2026-04699	N			
270831	L016-OWPALT-056A	CNWH67938	3.0	1	MR-2026-04744	N			
272795	L016-OWPALT-003C	CNWH52738	3.0	1	MR-2026-04680	N			
272806	L008-OWSHEL-008E	CNWH50884	3.0	1	MR-2026-04680	N			
272807	L008-OWSHEL-008E	CNWH50884	3.0	1	MR-2026-04680	N			
273308	L015-OWPALT-041A	CNWH69169	3.0	1	MR-2026-04679	N			
274249	L015-OWPALT-006C	CNWH69068	3.0	1	MR-2026-04679	N			
279306	L001-OWPALT-032A	CNWH69711	3.0	3	MR-2026-04667;MR-2026-04668;MR-2026-04677	N			
283519	L015-OWPALT-055B	CNWH61305	3.0	1	MR-2026-04679	N			
286393	L015-OWPALT-006C	CNWH69115	3.0	1	MR-2026-04679	N			
286786	L015-OWPALT-055B	CNWH61305	3.0	1	MR-2026-04679	N			
286798	L015-OWPALT-007B	CNWH68429	3.0	1	MR-2026-04679	N			
287429	L015-OWPALT-051C	CNWH68850	3.0	1	MR-2026-04679	N			
287658	L015-OWPALT-032A	CNWH66182	3.0	1	MR-2026-04679	N			
301436	L009-OWSHEL-022C	CNWH66467	3.0	1	MR-2026-04449	N			
301438	L009-OWSHEL-022C	CNWH66467	3.0	1	MR-2026-04449	N			
301441	L009-OWSHEL-015C	CNWH42314	3.0	1	MR-2026-04449	N			
301475	L009-OWSHEL-016D	CNWH66435	3.0	2	MR-2026-04449;MR-2026-04744	N			
301475	L009-OWSHEL-016D	CNWH66434	3.0	1	MR-2026-04744	N			
301477	L009-OWSHEL-016D	CNWH66434	3.0	1	MR-2026-04744	N			
301480	L009-OWSHEL-044E	CNWH65019	3.0	2	MR-2026-04449;MR-2026-04744	N			
302018	L016-OWPALT-015B	CNWH64938	3.0	2	MR-2026-04329;MR-2026-04410	Y			
302035	L009-OWSHEL-027C	CNWH66782	3.0	2	MR-2026-04399;MR-2026-04433	N			
302053	L009-OWSHEL-027C	CNWH66782	3.0	3	MR-2026-04317;MR-2026-04341;MR-2026-04364	Y			
302054	L009-OWSHEL-027C	CNWH66782	3.0	3	MR-2026-04317;MR-2026-04388;MR-2026-04399	N			
302096	L016-OWPALT-032A	CNWH66732	3.0	2	MR-2026-04317;MR-2026-04388	Y			
306417	L001-OWPALT-071B	CNWH42166	3.0	2	MR-2026-04672;MR-2026-04676	N			
314570	L009-OWSHEL-037A	CNWH62624	3.0	1	MR-2026-04317	N			
314577	L009-OWSHEL-006F	CNWH64315	3.0	2	MR-2026-04317;MR-2026-04329	Y			
314577	L009-OWSHEL-009D	CNWH66449	3.0	1	MR-2026-04399	Y			
314659	B006-OWSHEL-015C	CNWH52073	3.0	1	MR-2026-03793	Y			
314661	B006-OWSHEL-014B	CNWH48931	3.0	1	MR-2026-03793	N			
315140	L022-OWPALT-008A	CNWH65486	3.0	1	MR-2026-04836	N			
318506	B004-OWSHEL-024A	CNWH55609	3.0	1	MR-2026-03753	N			
318507	B004-OWSHEL-024A	CNWH55609	3.0	1	MR-2026-03724	N			
320123	L001-OWPALT-048A	CNWH64518	3.0	2	MR-2026-04673;MR-2026-04676	N			
320127	L001-OWPALT-065A	CNWH63574	3.0	2	MR-2026-04672;MR-2026-04676	N			
320129	L001-OWPALT-057A	CNWH50788	3.0	2	MR-2026-04670;MR-2026-04674	N			
320130	L001-OWPALT-057A	CNWH50788	3.0	2	MR-2026-04668;MR-2026-04677	N			
321201	L016-OWPALT-010B	CNWH54161	3.0	1	MR-2026-04179	N			
321202	L010-OWSHEL-017E	CNWH59714	3.0	3	MR-2026-04203;MR-2026-04216;MR-2026-04229	Y			
321981	B002-OWSHEL-013A	CNWH63836	3.0	1	MR-2026-04020	Y			
321981	B003-OWSHEL-025A	CNWH63763	3.0	1	MR-2026-04042	Y			
321986	B004-OWSHEL-001A	CNWH63771	3.0	1	MR-2026-04033	N			
321987	B004-OWSHEL-001A	CNWH63773	3.0	1	MR-2026-04055	N			
321988	B004-OWSHEL-002B	CNWH63775	3.0	1	MR-2026-04666	Y			
321991	B005-OWSHEL-002B	CNWH63961	3.0	2	MR-2026-04020;MR-2026-04658	N			
321992	B005-OWSHEL-002B	CNWH63950	3.0	1	MR-2026-03929	Y			
321992	B004-OWSHEL-026B	CNWH63746	3.0	1	MR-2026-04013	Y			
321992	B005-OWSHEL-002B	CNWH63960	3.0	2	MR-2026-04663;MR-2026-04664	Y			
321993	B005-OWSHEL-036A	CNWH63956	3.0	3	MR-2026-04657;MR-2026-04659;MR-2026-04660	N			
321993	B005-OWSHEL-036A	CNWH63949	3.0	3	MR-2026-04658;MR-2026-04662;MR-2026-04665	N			
322023	B004-OWSHEL-026B	CNWH63882	3.0	2	MR-2026-04013;MR-2026-04660	N			
322023	B005-OWSHEL-002B	CNWH63893	3.0	1	MR-2026-04657	Y			
322024	B004-OWSHEL-027C	CNWH64231	3.0	2	MR-2026-04033;MR-2026-04660	N			
322027	B004-OWSHEL-002B	CNWH63729	3.0	2	MR-2026-04657;MR-2026-04659	N			
322028	B004-OWSHEL-026B	CNWH63882	3.0	2	MR-2026-03919;MR-2026-04013	Y			
322029	B004-OWSHEL-002B	CNWH63729	3.0	1	MR-2026-04055	Y			
322040	B004-OWSHEL-025A	CNWH63744	3.0	1	MR-2026-04033	N			
322042	B004-OWSHEL-025A	CNWH63738	3.0	3	MR-2026-03919;MR-2026-03949;MR-2026-04658	Y			
322042	B004-OWSHEL-025A	CNWH63754	3.0	2	MR-2026-04033;MR-2026-04659	N			
322047	B004-OWSHEL-002B	CNWH63880	3.0	2	MR-2026-03929;MR-2026-03942	Y			
322047	B005-OWSHEL-036A	CNWH64234	3.0	1	MR-2026-04661	N			
322058	B002-OWSHEL-001A	CNWH64063	3.0	2	MR-2026-03962;MR-2026-04033	Y			
322058	B005-OWSHEL-036A	CNWH63949	3.0	2	MR-2026-04658;MR-2026-04659	N			
322059	B005-OWSHEL-002B	CNWH64064	3.0	1	MR-2026-04033	N			
322059	B002-OWSHEL-001A	CNWH64164	3.0	2	MR-2026-04657;MR-2026-04666	Y			
322064	B004-OWSHEL-026B	CNWH63921	3.0	1	MR-2026-03942	Y			
322070	B004-OWSHEL-025A	CNWH64001	3.0	1	MR-2026-03942	Y			
322070	B004-OWSHEL-002B	CNWH63979	3.0	2	MR-2026-04658;MR-2026-04660	N			
322071	B004-OWSHEL-025A	CNWH64001	3.0	2	MR-2026-03919;MR-2026-03942	Y			
322071	B002-OWSHEL-014B	CNWH63827	3.0	3	MR-2026-03962;MR-2026-04033;MR-2026-04055	Y			
322071	B003-OWSHEL-025A	CNWH63999	3.0	2	MR-2026-04660;MR-2026-04665	Y			
322082	B004-OWSHEL-026B	CNWH64193	3.0	2	MR-2026-03919;MR-2026-04656	N			
322082	B002-OWSHEL-014B	CNWH63831	3.0	1	MR-2026-04013	N			
322082	B003-OWSHEL-001A	CNWH63826	3.0	2	MR-2026-04055;MR-2026-04658	N			
322082	B003-OWSHEL-001A	CNWH63821	3.0	1	MR-2026-04658	N			
322082	B002-OWSHEL-013A	CNWH63836	3.0	1	MR-2026-04659	Y			
322083	B003-OWSHEL-001A	CNWH63821	3.0	1	MR-2026-04033	N			
322083	B003-OWSHEL-001A	CNWH63826	3.0	1	MR-2026-04658	N			
322084	B003-OWSHEL-001A	CNWH63818	3.0	1	MR-2026-04660	N			
322161	L009-OWSHEL-005E	CNWH61132	3.0	1	MR-2026-04289	N			
322191	L009-OWSHEL-005E	CNWH61083	3.0	2	MR-2026-04286;MR-2026-04294	N			
322210	L010-OWSHEL-040D	CNWH61116	3.0	3	MR-2026-04289;MR-2026-04290;MR-2026-04291	N			
322226	L010-OWSHEL-037A	CNWH61138	3.0	2	MR-2026-04284;MR-2026-04289	N			
322227	L010-OWSHEL-038B	CNWH61110	3.0	2	MR-2026-04289;MR-2026-04292	N			
322230	L010-OWSHEL-037A	CNWH61138	3.0	2	MR-2026-04284;MR-2026-04290	Y			
322230	L010-OWSHEL-038B	CNWH61110	3.0	2	MR-2026-04287;MR-2026-04293	Y			
322239	L010-OWSHEL-038B	CNWH61145	3.0	3	MR-2026-04284;MR-2026-04285;MR-2026-04289	Y			
322294	L017-OWPALT-054C	CNWH62696	3.0	1	MR-2026-04388	N			
322365	L010-OWSHEL-034C	CNWH60970	3.0	1	MR-2026-03887	N			
322382	L010-OWSHEL-011B	CNWH60606	3.0	1	MR-2026-03879	N			
322388	L010-OWSHEL-002B	CNWH60905	3.0	1	MR-2026-03836	Y			
322390	L010-OWSHEL-003C	CNWH60866	3.0	1	MR-2026-03829	N			
322390	L010-OWSHEL-015C	CNWH60258	3.0	1	MR-2026-03864	N			
322390	L010-OWSHEL-009D	CNWH60648	3.0	1	MR-2026-03887	Y			
322393	L010-OWSHEL-040D	CNWH60614	3.0	1	MR-2026-03843	N			
322395	L009-OWSHEL-035B	CNWH60173	3.0	1	MR-2026-03843	N			
322397	L009-OWSHEL-035B	CNWH60173	3.0	1	MR-2026-03890	N			
322401	L010-OWSHEL-040D	CNWH60674	3.0	1	MR-2026-03843	N			
322402	L010-OWSHEL-035B	CNWH60610	3.0	1	MR-2026-03864	N			
322407	L010-OWSHEL-035B	CNWH60608	3.0	1	MR-2026-03843	N			
322412	L010-OWSHEL-036A	CNWH60644	3.0	1	MR-2026-03854	N			
322417	L010-OWSHEL-025A	CNWH61155	3.0	2	MR-2026-03890;MR-2026-03907	N			
322418	L010-OWSHEL-022C	CNWH61156	3.0	1	MR-2026-03843	N			
322418	L010-OWSHEL-025A	CNWH61155	3.0	1	MR-2026-03854	N			
322418	L010-OWSHEL-023B	CNWH61150	3.0	1	MR-2026-03890	N			
322419	L010-OWSHEL-022C	CNWH61156	3.0	1	MR-2026-03883	N			
322421	L010-OWSHEL-022C	CNWH61156	3.0	1	MR-2026-03887	N			
322422	L010-OWSHEL-025A	CNWH61155	3.0	2	MR-2026-03854;MR-2026-03864	N			
322435	L010-OWSHEL-034C	CNWH61222	3.0	2	MR-2026-03836;MR-2026-03843	N			
322444	L010-OWSHEL-046C	CNWH59859	3.0	2	MR-2026-03843;MR-2026-03883	N			
322448	L009-OWSHEL-005E	CNWH61166	3.0	1	MR-2026-03890	N			
322448	L010-OWSHEL-047B	CNWH59851	3.0	1	MR-2026-03907	N			
322450	L009-OWSHEL-005E	CNWH61166	3.0	1	MR-2026-03890	N			
322459	L010-OWSHEL-048A	CNWH59829	3.0	2	MR-2026-03900;MR-2026-03907	N			
322460	L010-OWSHEL-048A	CNWH59829	3.0	1	MR-2026-03907	N			
322463	L009-OWSHEL-005E	CNWH61201	3.0	1	MR-2026-03890	N			
322467	L010-OWSHEL-016D	CNWH61208	3.0	1	MR-2026-03854	N			
322474	L010-OWSHEL-015C	CNWH61197	3.0	1	MR-2026-03887	N			
322476	L010-OWSHEL-016D	CNWH61188	3.0	1	MR-2026-03843	Y			
322490	L010-OWSHEL-045D	CNWH61148	3.0	1	MR-2026-03843	N			
322497	L010-OWSHEL-046C	CNWH61180	3.0	1	MR-2026-03836	N			
322503	L010-OWSHEL-011B	CNWH60953	3.0	1	MR-2026-03864	N			
322510	L010-OWSHEL-001A	CNWH60928	3.0	1	MR-2026-03829	N			
322514	L009-OWSHEL-038B	CNWH60948	3.0	1	MR-2026-03854	N			
322520	L010-OWSHEL-011B	CNWH60901	3.0	1	MR-2026-03879	N			
322521	L009-OWSHEL-037A	CNWH60946	3.0	1	MR-2026-03854	Y			
322521	L010-OWSHEL-011B	CNWH60901	3.0	1	MR-2026-03883	N			
322523	L010-OWSHEL-001A	CNWH43188	3.0	1	MR-2026-03843	N			
322523	L010-OWSHEL-011B	CNWH60901	3.0	1	MR-2026-03883	N			
322533	L009-OWSHEL-008E	CNWH60605	3.0	2	MR-2026-03879;MR-2026-03883	N			
322535	L010-OWSHEL-012A	CNWH60269	3.0	1	MR-2026-03829	Y			
322539	L010-OWSHEL-014B	CNWH60235	3.0	1	MR-2026-03854	N			
322541	L010-OWSHEL-010C	CNWH60656	3.0	1	MR-2026-03883	N			
322546	L010-OWSHEL-012A	CNWH60226	3.0	1	MR-2026-03890	N			
322547	L010-OWSHEL-024A	CNWH60962	3.0	1	MR-2026-03843	N			
322568	L017-OWPALT-051C	CNWH57412	3.0	1	MR-2026-03907	N			
322598	L017-OWPALT-027C	CNWH60961	3.0	1	MR-2026-03854	N			
322599	L017-OWPALT-027C	CNWH60961	3.0	1	MR-2026-03864	N			
322599	L017-OWPALT-046C	CNWH59812	3.0	1	MR-2026-03883	N			
322604	L017-OWPALT-015B	CNWH60251	3.0	1	MR-2026-03883	N			
322607	L017-OWPALT-015B	CNWH60635	3.0	2	MR-2026-03883;MR-2026-03907	Y			
322623	L016-OWPALT-016A	CNWH59723	3.0	1	MR-2026-04127	Y			
322623	L016-OWPALT-026B	CNWH56477	3.0	2	MR-2026-04153;MR-2026-04266	Y			
322624	L016-OWPALT-016A	CNWH59723	3.0	1	MR-2026-04140	Y			
324245	L003-OWPALT-016A	CNWH62818	3.0	1	MR-2026-04672	Y			
326848	L009-OWSHEL-024A	CNWH66470	3.0	2	MR-2026-04276;MR-2026-04277	Y			
326851	L009-OWSHEL-002B	CNWH66391	3.0	2	MR-2026-04276;MR-2026-04730	N			
326878	L009-OWSHEL-009D	CNWH66416	3.0	1	MR-2026-04276	N			
327934	L017-OWPALT-038C	CNWH56181	3.0	1	MR-2026-04732	N			
327945	L017-OWPALT-038C	CNWH53607	3.0	3	MR-2026-04730;MR-2026-04732;MR-2026-04734	Y			
327946	L017-OWPALT-038C	CNWH56181	3.0	1	MR-2026-04732	N			
329700	L017-OWPALT-015B	CNWH67034	3.0	2	MR-2026-04726;MR-2026-04729	N			
232362	L017-OWPALT-024A	CNWH51363	2.0	1	MR-2026-04443	Y			
232398	L017-OWPALT-039B	CNWH65812	2.0	1	MR-2026-04445	N			
239439	L015-OWPALT-049A	CNWH52430	2.0	1	MR-2026-04699	N			
247775	L001-OWPALT-040A	CNWH12858	2.0	1	MR-2026-04674	N			
247785	L001-OWPALT-077D	CNWH64502	2.0	1	MR-2026-04677	N			
247787	L001-OWPALT-041A	CNWH42441	2.0	2	MR-2026-04670;MR-2026-04674	N			
265752	L015-OWPALT-049A	CNWH66172	2.0	1	MR-2026-04699	N			
265752	L015-OWPALT-056A	CNWH45145	2.0	1	MR-2026-04700	N			
265753	L015-OWPALT-049A	CNWH52430	2.0	2	MR-2026-04699;MR-2026-04700	N			
265754	L015-OWPALT-003C	CNWH66201	2.0	1	MR-2026-04700	N			
266017	L015-OWPALT-033A	CNWH64284	2.0	1	MR-2026-04679	N			
266018	L008-OWSHEL-005E	CNWH58474	2.0	1	MR-2026-04680	N			
266018	L008-OWSHEL-019F	CNWH46946	2.0	1	MR-2026-04680	N			
266019	L008-OWSHEL-005E	CNWH58474	2.0	1	MR-2026-04680	N			
266020	L015-OWPALT-023B	CNWH66143	2.0	2	MR-2026-04679;MR-2026-04680	N			
267358	L003-OWPALT-049A	CNWH05616	2.0	1	MR-2026-04667	Y			
268187	L015-OWPALT-040A	CNWH61302	2.0	1	MR-2026-04679	N			
268188	L015-OWPALT-006C	CNWH69068	2.0	1	MR-2026-04679	N			
269151	L001-OWPALT-041A	CNWH15390	2.0	1	MR-2026-04676	N			
269152	L001-OWPALT-041A	CNWH42441	2.0	1	MR-2026-04674	N			
272738	L015-OWPALT-022C	CNWH69105	2.0	1	MR-2026-04679	N			
272738	L015-OWPALT-051C	CNWH64255	2.0	1	MR-2026-04679	N			
272739	L015-OWPALT-051C	CNWH64255	2.0	1	MR-2026-04679	N			
272794	L008-OWSHEL-013A	CNWH04811	2.0	1	MR-2026-04680	N			
272805	L015-OWPALT-009A	CNWH65926	2.0	1	MR-2026-04679	N			
272805	L008-OWSHEL-008E	CNWH50884	2.0	1	MR-2026-04680	N			
272807	L015-OWPALT-009A	CNWH65926	2.0	1	MR-2026-04679	N			
272807	L015-OWPALT-016A	CNWH06432	2.0	1	MR-2026-04679	N			
273299	L008-OWSHEL-030F	CNWH65977	2.0	1	MR-2026-04679	N			
273301	L008-OWSHEL-018F	CNWH58285	2.0	1	MR-2026-04679	N			
274247	L015-OWPALT-006C	CNWH69068	2.0	1	MR-2026-04679	N			
274247	L008-OWSHEL-018F	CNWH55889	2.0	1	MR-2026-04680	N			
274248	L008-OWSHEL-005E	CNWH58474	2.0	1	MR-2026-04680	N			
274249	L008-OWSHEL-018F	CNWH55889	2.0	1	MR-2026-04680	N			
276033	L008-OWSHEL-013A	CNWH46205	2.0	2	MR-2026-04699;MR-2026-04700	N			
276035	L015-OWPALT-016A	CNWH66019	2.0	1	MR-2026-04699	N			
276035	L008-OWSHEL-013A	CNWH53599	2.0	1	MR-2026-04700	N			
276036	L008-OWSHEL-013A	CNWH46205	2.0	1	MR-2026-04699	N			
276036	L008-OWSHEL-025A	CNWH53649	2.0	1	MR-2026-04700	N			
276037	L015-OWPALT-016A	CNWH66019	2.0	2	MR-2026-04699;MR-2026-04700	N			
283518	L015-OWPALT-055B	CNWH61305	2.0	1	MR-2026-04679	N			
283520	L015-OWPALT-055B	CNWH61305	2.0	1	MR-2026-04679	N			
283521	L015-OWPALT-055B	CNWH61305	2.0	1	MR-2026-04679	N			
286377	L015-OWPALT-030C	CNWH66200	2.0	1	MR-2026-04679	N			
286394	L008-OWSHEL-018F	CNWH62359	2.0	2	MR-2026-04679;MR-2026-04680	Y			
286397	L016-OWPALT-006C	CNWH54352	2.0	1	MR-2026-04679	N			
286398	L016-OWPALT-006C	CNWH54352	2.0	1	MR-2026-04679	N			
286408	L008-OWSHEL-008E	CNWH58962	2.0	1	MR-2026-04680	N			
286409	L008-OWSHEL-008E	CNWH58962	2.0	1	MR-2026-04680	N			
286781	L015-OWPALT-055B	CNWH61305	2.0	1	MR-2026-04679	N			
286782	L015-OWPALT-055B	CNWH61305	2.0	1	MR-2026-04679	N			
286785	L015-OWPALT-055B	CNWH61305	2.0	1	MR-2026-04679	N			
286797	L015-OWPALT-007B	CNWH68429	2.0	1	MR-2026-04679	N			
287110	L008-OWSHEL-023B	CNWH66569	2.0	1	MR-2026-04700	N			
287111	L008-OWSHEL-023B	CNWH66569	2.0	2	MR-2026-04699;MR-2026-04700	N			
287125	L015-OWPALT-041A	CNWH66258	2.0	1	MR-2026-04699	N			
287127	L015-OWPALT-041A	CNWH66258	2.0	1	MR-2026-04699	N			
287130	L015-OWPALT-025A	CNWH66085	2.0	1	MR-2026-04700	N			
287131	L015-OWPALT-055B	CNWH66212	2.0	1	MR-2026-04700	N			
287132	L008-OWSHEL-009D	CNWH66050	2.0	1	MR-2026-04699	Y			
287132	L015-OWPALT-025A	CNWH66085	2.0	1	MR-2026-04700	N			
287136	L008-OWSHEL-013A	CNWH46205	2.0	1	MR-2026-04700	N			
287137	L015-OWPALT-025A	CNWH66085	2.0	1	MR-2026-04700	N			
287145	L008-OWSHEL-023B	CNWH66569	2.0	1	MR-2026-04700	N			
287146	L008-OWSHEL-023B	CNWH66569	2.0	1	MR-2026-04700	N			
287147	L008-OWSHEL-023B	CNWH66569	2.0	1	MR-2026-04700	N			
287418	L016-OWPALT-006C	CNWH54352	2.0	1	MR-2026-04680	N			
290068	L015-OWPALT-040A	CNWH61468	2.0	1	MR-2026-04700	N			
290069	L015-OWPALT-040A	CNWH61468	2.0	1	MR-2026-04700	N			
290070	L015-OWPALT-040A	CNWH61468	2.0	1	MR-2026-04700	N			
290082	L008-OWSHEL-024A	CNWH66232	2.0	1	MR-2026-04700	N			
290083	L008-OWSHEL-024A	CNWH66232	2.0	1	MR-2026-04700	N			
290086	L015-OWPALT-051C	CNWH61361	2.0	1	MR-2026-04700	N			
290087	L015-OWPALT-051C	CNWH61361	2.0	1	MR-2026-04700	N			
290088	L015-OWPALT-051C	CNWH61361	2.0	1	MR-2026-04700	N			
301442	L009-OWSHEL-015C	CNWH43211	2.0	1	MR-2026-04449	N			
301443	L009-OWSHEL-015C	CNWH43211	2.0	1	MR-2026-04449	N			
301455	L009-OWSHEL-015C	CNWH43211	2.0	1	MR-2026-04449	N			
301456	L009-OWSHEL-015C	CNWH43211	2.0	1	MR-2026-04449	N			
301466	L009-OWSHEL-035B	CNWH60202	2.0	1	MR-2026-04449	N			
301467	L009-OWSHEL-035B	CNWH60202	2.0	1	MR-2026-04449	N			
301471	L009-OWSHEL-016D	CNWH66435	2.0	1	MR-2026-04449	N			
301473	L009-OWSHEL-016D	CNWH66435	2.0	1	MR-2026-04449	N			
301474	L009-OWSHEL-016D	CNWH66435	2.0	1	MR-2026-04449	N			
301477	L009-OWSHEL-035B	CNWH60202	2.0	1	MR-2026-04449	N			
301481	L009-OWSHEL-044E	CNWH64411	2.0	1	MR-2026-04449	N			
301496	L009-OWSHEL-015C	CNWH42314	2.0	1	MR-2026-04449	N			
301502	L009-OWSHEL-015C	CNWH41108	2.0	1	MR-2026-04449	N			
301504	L009-OWSHEL-015C	CNWH41108	2.0	1	MR-2026-04449	N			
301507	L009-OWSHEL-015C	CNWH42314	2.0	1	MR-2026-04449	N			
301514	L009-OWSHEL-007F	CNWH57834	2.0	1	MR-2026-04449	N			
301543	L009-OWSHEL-016D	CNWH66442	2.0	1	MR-2026-04449	N			
301544	L009-OWSHEL-016D	CNWH52980	2.0	1	MR-2026-04449	N			
301549	L009-OWSHEL-016D	CNWH66442	2.0	1	MR-2026-04449	N			
301550	L009-OWSHEL-016D	CNWH66442	2.0	1	MR-2026-04449	N			
301551	L009-OWSHEL-016D	CNWH66442	2.0	1	MR-2026-04449	N			
301552	L009-OWSHEL-016D	CNWH66442	2.0	1	MR-2026-04449	N			
301553	L009-OWSHEL-016D	CNWH66442	2.0	1	MR-2026-04449	N			
302035	L009-OWSHEL-027C	CNWH60198	2.0	1	MR-2026-04399	Y			
302035	L009-OWSHEL-012A	CNWH66420	2.0	1	MR-2026-04410	Y			
302043	L016-OWPALT-015B	CNWH64938	2.0	1	MR-2026-04329	Y			
302053	L009-OWSHEL-043F	CNWH53861	2.0	1	MR-2026-04364	N			
302054	L009-OWSHEL-011B	CNWH66436	2.0	2	MR-2026-04329;MR-2026-04388	N			
302084	L009-OWSHEL-027C	CNWH66782	2.0	1	MR-2026-04364	N			
302091	L016-OWPALT-002B	CNWH67950	2.0	2	MR-2026-04317;MR-2026-04341	N			
302638	L015-OWPALT-015B	CNWH65623	2.0	1	MR-2026-04700	N			
302639	L015-OWPALT-015B	CNWH65623	2.0	1	MR-2026-04700	N			
302640	L015-OWPALT-015B	CNWH65623	2.0	1	MR-2026-04700	N			
305675	L008-OWSHEL-017E	CNWH58661	2.0	1	MR-2026-04700	N			
305676	L008-OWSHEL-017E	CNWH58661	2.0	1	MR-2026-04700	N			
305679	L008-OWSHEL-017E	CNWH55947	2.0	1	MR-2026-04700	N			
305686	L008-OWSHEL-017E	CNWH55947	2.0	1	MR-2026-04700	N			
305689	L015-OWPALT-002B	CNWH61471	2.0	1	MR-2026-04700	N			
305690	L015-OWPALT-002B	CNWH61471	2.0	1	MR-2026-04700	N			
305695	L015-OWPALT-002B	CNWH61471	2.0	1	MR-2026-04700	N			
306412	L001-OWPALT-064A	CNWH42242	2.0	1	MR-2026-04672	N			
306417	L001-OWPALT-032A	CNWH69723	2.0	2	MR-2026-04668;MR-2026-04678	N			
308639	L015-OWPALT-026B	CNWH66615	2.0	1	MR-2026-04700	N			
308641	L015-OWPALT-026B	CNWH66615	2.0	1	MR-2026-04700	N			
314535	L009-OWSHEL-041E	CNWH54012	2.0	1	MR-2026-04329	N			
314547	L009-OWSHEL-011B	CNWH66436	2.0	2	MR-2026-04376;MR-2026-04433	N			
314553	L009-OWSHEL-006F	CNWH50794	2.0	1	MR-2026-04329	N			
314571	L009-OWSHEL-037A	CNWH62624	2.0	1	MR-2026-04317	Y			
314583	L010-OWSHEL-044E	CNWH65115	2.0	2	MR-2026-04341;MR-2026-04364	N			
314636	B006-OWSHEL-014B	CNWH48931	2.0	1	MR-2026-03724	N			
314638	B006-OWSHEL-015C	CNWH52128	2.0	1	MR-2026-03724	Y			
314642	B003-OWSHEL-012A	CNWH69376	2.0	1	MR-2026-03773	N			
314644	B006-OWSHEL-015C	CNWH52128	2.0	1	MR-2026-03753	N			
314661	B006-OWSHEL-015C	CNWH52126	2.0	1	MR-2026-03793	N			
314668	B004-OWSHEL-024A	CNWH55660	2.0	1	MR-2026-03793	N			
315142	L022-OWPALT-008A	CNWH67088	2.0	1	MR-2026-04836	N			
315149	L022-OWPALT-001A	CNWH65674	2.0	1	MR-2026-04836	N			
315149	L022-OWPALT-009A	CNWH65569	2.0	1	MR-2026-04837	Y			
318318	L017-OWPALT-034B	CNWH59802	2.0	1	MR-2026-04266	N			
318324	L017-OWPALT-046C	CNWH59816	2.0	1	MR-2026-04166	N			
318324	L017-OWPALT-034B	CNWH56359	2.0	2	MR-2026-04229;MR-2026-04254	N			
318329	L017-OWPALT-034B	CNWH59802	2.0	1	MR-2026-04216	N			
318476	B004-OWSHEL-023B	CNWH55655	2.0	1	MR-2026-03783	N			
318477	B004-OWSHEL-003C	CNWH62227	2.0	1	MR-2026-03733	Y			
318477	B005-OWSHEL-035B	CNWH55645	2.0	2	MR-2026-03753;MR-2026-03793	N			
318477	B004-OWSHEL-024A	CNWH55660	2.0	1	MR-2026-03807	Y			
318481	B004-OWSHEL-024A	CNWH55660	2.0	1	MR-2026-03724	N			
318483	B004-OWSHEL-023B	CNWH55593	2.0	2	MR-2026-03783;MR-2026-03793	Y			
318489	B004-OWSHEL-023B	CNWH55655	2.0	1	MR-2026-03793	N			
318492	B004-OWSHEL-024A	CNWH55687	2.0	1	MR-2026-03724	N			
318495	B004-OWSHEL-024A	CNWH55687	2.0	1	MR-2026-03807	N			
318505	B004-OWSHEL-024A	CNWH55609	2.0	1	MR-2026-03724	Y			
318505	B003-OWSHEL-012A	CNWH55600	2.0	1	MR-2026-03733	Y			
318505	B004-OWSHEL-023B	CNWH55547	2.0	1	MR-2026-03773	Y			
318506	B002-OWSHEL-011B	CNWH55589	2.0	1	MR-2026-03773	N			
318519	B003-OWSHEL-012A	CNWH55600	2.0	1	MR-2026-03783	Y			
319020	L015-OWPALT-051C	CNWH64430	2.0	1	MR-2026-04700	N			
319046	L015-OWPALT-015B	CNWH65638	2.0	1	MR-2026-04700	N			
319047	L015-OWPALT-015B	CNWH65638	2.0	1	MR-2026-04700	N			
320124	L001-OWPALT-069D	CNWH64588	2.0	1	MR-2026-04676	N			
320124	L001-OWPALT-064A	CNWH64575	2.0	2	MR-2026-04677;MR-2026-04678	Y			
320125	L001-OWPALT-057A	CNWH64585	2.0	1	MR-2026-04670	Y			
320126	L001-OWPALT-041A	CNWH64538	2.0	1	MR-2026-04673	N			
320127	L001-OWPALT-057A	CNWH67894	2.0	1	MR-2026-04674	N			
320128	L001-OWPALT-064A	CNWH63595	2.0	1	MR-2026-04673	N			
320129	L001-OWPALT-040A	CNWH63609	2.0	2	MR-2026-04672;MR-2026-04677	N			
321199	L016-OWPALT-026B	CNWH56477	2.0	1	MR-2026-04192	N			
321202	L010-OWSHEL-017E	CNWH59735	2.0	1	MR-2026-04229	Y			
321981	B003-OWSHEL-025A	CNWH63766	2.0	1	MR-2026-04659	Y			
321981	B003-OWSHEL-025A	CNWH63785	2.0	1	MR-2026-04665	N			
321982	B005-OWSHEL-003C	CNWH64828	2.0	1	MR-2026-04033	Y			
321985	B004-OWSHEL-002B	CNWH64002	2.0	1	MR-2026-03919	Y			
321985	B004-OWSHEL-001A	CNWH63779	2.0	2	MR-2026-03949;MR-2026-04665	N			
321985	B003-OWSHEL-025A	CNWH63785	2.0	2	MR-2026-04001;MR-2026-04020	Y			
321985	B004-OWSHEL-001A	CNWH63777	2.0	1	MR-2026-04662	Y			
321985	B004-OWSHEL-001A	CNWH63778	2.0	2	MR-2026-04662;MR-2026-04664	Y			
321986	B003-OWSHEL-025A	CNWH63766	2.0	2	MR-2026-03942;MR-2026-04665	N			
321986	B003-OWSHEL-025A	CNWH63783	2.0	1	MR-2026-03942	N			
321986	B003-OWSHEL-026B	CNWH60706	2.0	1	MR-2026-04656	N			
321987	B003-OWSHEL-025A	CNWH63783	2.0	1	MR-2026-03942	N			
321988	B004-OWSHEL-001A	CNWH63779	2.0	2	MR-2026-04001;MR-2026-04661	N			
321988	B004-OWSHEL-001A	CNWH63777	2.0	1	MR-2026-04020	Y			
321988	B004-OWSHEL-001A	CNWH63778	2.0	2	MR-2026-04656;MR-2026-04658	Y			
321988	B004-OWSHEL-001A	CNWH63776	2.0	1	MR-2026-04658	Y			
321991	B004-OWSHEL-026B	CNWH63921	2.0	2	MR-2026-04001;MR-2026-04013	Y			
321991	B005-OWSHEL-002B	CNWH63950	2.0	1	MR-2026-04020	Y			
321992	B003-OWSHEL-001A	CNWH65125	2.0	1	MR-2026-03942	Y			
321992	B004-OWSHEL-026B	CNWH64212	2.0	1	MR-2026-04013	Y			
321992	B005-OWSHEL-036A	CNWH63956	2.0	1	MR-2026-04657	N			
321993	B005-OWSHEL-002B	CNWH63960	2.0	1	MR-2026-04033	Y			
321994	B005-OWSHEL-002B	CNWH63950	2.0	2	MR-2026-03988;MR-2026-04042	Y			
321994	B005-OWSHEL-002B	CNWH64064	2.0	1	MR-2026-04033	Y			
321994	B005-OWSHEL-002B	CNWH63961	2.0	2	MR-2026-04657;MR-2026-04658	N			
322022	B004-OWSHEL-027C	CNWH64231	2.0	1	MR-2026-04033	N			
322022	B004-OWSHEL-026B	CNWH64212	2.0	2	MR-2026-04664;MR-2026-04666	N			
322023	B004-OWSHEL-027C	CNWH64231	2.0	2	MR-2026-04661;MR-2026-04666	N			
322024	B005-OWSHEL-002B	CNWH63893	2.0	2	MR-2026-03988;MR-2026-04665	N			
322027	B004-OWSHEL-026B	CNWH63882	2.0	1	MR-2026-04033	Y			
322027	B004-OWSHEL-001A	CNWH63770	2.0	2	MR-2026-04659;MR-2026-04660	N			
322029	B004-OWSHEL-025A	CNWH64001	2.0	1	MR-2026-03962	Y			
322029	B004-OWSHEL-002B	CNWH63781	2.0	2	MR-2026-04658;MR-2026-04666	Y			
322029	B004-OWSHEL-026B	CNWH64203	2.0	1	MR-2026-04659	Y			
322039	B004-OWSHEL-025A	CNWH63744	2.0	1	MR-2026-03962	Y			
322039	B004-OWSHEL-025A	CNWH63753	2.0	1	MR-2026-04657	Y			
322040	B003-OWSHEL-025A	CNWH63783	2.0	1	MR-2026-04658	N			
322041	B003-OWSHEL-025A	CNWH63783	2.0	2	MR-2026-04658;MR-2026-04662	N			
322042	B004-OWSHEL-025A	CNWH63744	2.0	1	MR-2026-04033	Y			
322042	B003-OWSHEL-025A	CNWH63783	2.0	1	MR-2026-04658	Y			
322047	B005-OWSHEL-002B	CNWH64243	2.0	1	MR-2026-03929	Y			
322047	B005-OWSHEL-002B	CNWH63893	2.0	2	MR-2026-03988;MR-2026-04660	N			
322048	B005-OWSHEL-036A	CNWH64239	2.0	1	MR-2026-04033	N			
322058	B002-OWSHEL-001A	CNWH64164	2.0	2	MR-2026-03919;MR-2026-04666	N			
322058	B005-OWSHEL-036A	CNWH64037	2.0	1	MR-2026-04658	N			
322059	B002-OWSHEL-001A	CNWH64063	2.0	1	MR-2026-03942	Y			
322060	B002-OWSHEL-001A	CNWH64063	2.0	2	MR-2026-03942;MR-2026-03949	Y			
322060	B002-OWSHEL-001A	CNWH64164	2.0	2	MR-2026-03949;MR-2026-04033	Y			
322064	B004-OWSHEL-025A	CNWH64001	2.0	2	MR-2026-03942;MR-2026-04042	Y			
322070	B003-OWSHEL-025A	CNWH63999	2.0	1	MR-2026-04666	N			
322071	B002-OWSHEL-014B	CNWH63814	2.0	2	MR-2026-03942;MR-2026-03962	Y			
322072	B004-OWSHEL-002B	CNWH63998	2.0	2	MR-2026-03919;MR-2026-03929	N			
322072	B002-OWSHEL-014B	CNWH63827	2.0	1	MR-2026-03962	Y			
322081	B002-OWSHEL-013A	CNWH63828	2.0	2	MR-2026-03942;MR-2026-04665	N			
322081	B002-OWSHEL-014B	CNWH63831	2.0	1	MR-2026-03962	Y			
322081	B003-OWSHEL-001A	CNWH63821	2.0	1	MR-2026-04033	Y			
322081	B003-OWSHEL-001A	CNWH63825	2.0	2	MR-2026-04033;MR-2026-04055	N			
322081	B003-OWSHEL-001A	CNWH63826	2.0	2	MR-2026-04055;MR-2026-04657	N			
322125	L010-OWSHEL-037A	CNWH61090	2.0	1	MR-2026-04287	N			
322131	L010-OWSHEL-034C	CNWH61990	2.0	1	MR-2026-04285	N			
322143	L010-OWSHEL-025A	CNWH61991	2.0	1	MR-2026-04287	N			
322161	L009-OWSHEL-005E	CNWH61102	2.0	1	MR-2026-04285	N			
322187	L009-OWSHEL-005E	CNWH61121	2.0	1	MR-2026-04286	Y			
322202	L010-OWSHEL-038B	CNWH61145	2.0	1	MR-2026-04290	N			
322203	L010-OWSHEL-038B	CNWH61145	2.0	2	MR-2026-04284;MR-2026-04292	N			
322203	L010-OWSHEL-037A	CNWH61079	2.0	1	MR-2026-04287	N			
322210	L010-OWSHEL-037A	CNWH61118	2.0	1	MR-2026-04284	Y			
322211	L010-OWSHEL-040D	CNWH61112	2.0	2	MR-2026-04287;MR-2026-04290	N			
322211	L010-OWSHEL-040D	CNWH61116	2.0	2	MR-2026-04290;MR-2026-04291	Y			
322228	L010-OWSHEL-037A	CNWH61138	2.0	1	MR-2026-04284	Y			
322230	L010-OWSHEL-037A	CNWH61079	2.0	2	MR-2026-04293;MR-2026-04294	Y			
322232	L010-OWSHEL-037A	CNWH61118	2.0	1	MR-2026-04284	N			
322235	L010-OWSHEL-039C	CNWH61108	2.0	2	MR-2026-04283;MR-2026-04285	Y			
322293	L017-OWPALT-046C	CNWH59804	2.0	2	MR-2026-04364;MR-2026-04376	N			
322293	L017-OWPALT-054C	CNWH62696	2.0	1	MR-2026-04388	N			
322340	L017-OWPALT-046C	CNWH59818	2.0	1	MR-2026-04329	N			
322347	L017-OWPALT-054C	CNWH59784	2.0	1	MR-2026-04433	N			
322366	L010-OWSHEL-010C	CNWH60634	2.0	2	MR-2026-03836;MR-2026-03890	N			
322367	L010-OWSHEL-010C	CNWH60634	2.0	2	MR-2026-03890;MR-2026-03907	N			
322374	L010-OWSHEL-014B	CNWH56887	2.0	1	MR-2026-03836	N			
322375	L010-OWSHEL-014B	CNWH60475	2.0	1	MR-2026-03900	N			
322382	L010-OWSHEL-014B	CNWH60476	2.0	1	MR-2026-03854	N			
322387	L010-OWSHEL-009D	CNWH60648	2.0	1	MR-2026-03836	N			
322392	L010-OWSHEL-025A	CNWH60594	2.0	1	MR-2026-03887	Y			
322399	L010-OWSHEL-040D	CNWH60674	2.0	1	MR-2026-03843	N			
322402	L010-OWSHEL-040D	CNWH60674	2.0	1	MR-2026-03843	N			
322405	L010-OWSHEL-036A	CNWH60669	2.0	1	MR-2026-03836	N			
322409	L010-OWSHEL-023B	CNWH60672	2.0	2	MR-2026-03829;MR-2026-03864	N			
322410	L010-OWSHEL-036A	CNWH60669	2.0	2	MR-2026-03864;MR-2026-03890	Y			
322411	L010-OWSHEL-035B	CNWH60643	2.0	1	MR-2026-03843	N			
322426	L010-OWSHEL-022C	CNWH61227	2.0	2	MR-2026-03843;MR-2026-03887	N			
322426	L010-OWSHEL-021D	CNWH59837	2.0	2	MR-2026-03879;MR-2026-03907	N			
322428	L009-OWSHEL-017E	CNWH61159	2.0	1	MR-2026-03890	N			
322432	L010-OWSHEL-023B	CNWH59834	2.0	2	MR-2026-03829;MR-2026-03879	N			
322433	L010-OWSHEL-022C	CNWH59836	2.0	2	MR-2026-03887;MR-2026-03907	N			
322435	L010-OWSHEL-022C	CNWH61151	2.0	1	MR-2026-03829	N			
322440	L010-OWSHEL-022C	CNWH61151	2.0	1	MR-2026-03890	N			
322441	L009-OWSHEL-037A	CNWH61207	2.0	1	MR-2026-03890	N			
322446	L010-OWSHEL-048A	CNWH59830	2.0	1	MR-2026-03864	Y			
322446	L010-OWSHEL-047B	CNWH59850	2.0	2	MR-2026-03883;MR-2026-03900	Y			
322447	L009-OWSHEL-005E	CNWH61166	2.0	1	MR-2026-03890	N			
322452	L009-OWSHEL-005E	CNWH61166	2.0	1	MR-2026-03864	Y			
322462	L010-OWSHEL-047B	CNWH59860	2.0	1	MR-2026-03900	N			
322464	L010-OWSHEL-047B	CNWH59860	2.0	1	MR-2026-03836	N			
322467	L010-OWSHEL-015C	CNWH61225	2.0	2	MR-2026-03843;MR-2026-03900	N			
322482	L010-OWSHEL-015C	CNWH61215	2.0	1	MR-2026-03843	Y			
322482	L010-OWSHEL-016D	CNWH61229	2.0	2	MR-2026-03843;MR-2026-03900	N			
322489	L010-OWSHEL-045D	CNWH61148	2.0	1	MR-2026-03843	N			
322495	L010-OWSHEL-046C	CNWH61180	2.0	1	MR-2026-03843	N			
322500	L010-OWSHEL-046C	CNWH61182	2.0	1	MR-2026-03854	N			
322507	L010-OWSHEL-003C	CNWH60252	2.0	1	MR-2026-03890	N			
322512	L010-OWSHEL-004D	CNWH60647	2.0	1	MR-2026-03883	N			
322512	L010-OWSHEL-002B	CNWH60225	2.0	1	MR-2026-03887	N			
322523	L010-OWSHEL-011B	CNWH60953	2.0	1	MR-2026-03907	N			
322527	L010-OWSHEL-011B	CNWH60254	2.0	2	MR-2026-03836;MR-2026-03879	N			
322527	L016-OWPALT-026B	CNWH11422	2.0	1	MR-2026-03843	N			
322533	L010-OWSHEL-012A	CNWH60121	2.0	2	MR-2026-03836;MR-2026-03854	N			
322535	L009-OWSHEL-008E	CNWH60605	2.0	1	MR-2026-03854	Y			
322542	L010-OWSHEL-014B	CNWH60235	2.0	1	MR-2026-03843	Y			
322543	L010-OWSHEL-012A	CNWH60887	2.0	1	MR-2026-03900	Y			
322546	L010-OWSHEL-012A	CNWH60887	2.0	1	MR-2026-03883	N			
322548	L010-OWSHEL-011B	CNWH60239	2.0	1	MR-2026-03843	N			
322548	L010-OWSHEL-012A	CNWH60199	2.0	1	MR-2026-03890	N			
322568	L017-OWPALT-031B	CNWH60624	2.0	1	MR-2026-03829	N			
322575	L017-OWPALT-031B	CNWH60624	2.0	1	MR-2026-03854	N			
322581	L017-OWPALT-031B	CNWH60884	2.0	2	MR-2026-03887;MR-2026-03900	N			
322597	L017-OWPALT-027C	CNWH60961	2.0	1	MR-2026-03829	N			
322598	L017-OWPALT-046C	CNWH59804	2.0	1	MR-2026-03907	N			
322598	L017-OWPALT-046C	CNWH59812	2.0	1	MR-2026-03907	N			
322601	L017-OWPALT-015B	CNWH60604	2.0	1	MR-2026-03836	N			
322601	L017-OWPALT-015B	CNWH60630	2.0	1	MR-2026-03883	N			
322611	L010-OWSHEL-028D	CNWH59773	2.0	1	MR-2026-04166	Y			
322611	L010-OWSHEL-028D	CNWH59790	2.0	2	MR-2026-04166;MR-2026-04192	N			
322621	L016-OWPALT-026B	CNWH56477	2.0	1	MR-2026-04166	N			
322649	L010-OWSHEL-025A	CNWH59747	2.0	2	MR-2026-04216;MR-2026-04266	N			
322686	B006-OWSHEL-013A	CNWH61023	2.0	1	MR-2026-03733	Y			
322769	L001-OWPALT-024A	CNWH69815	2.0	2	MR-2026-04667;MR-2026-04668	Y			
324087	L009-OWSHEL-020E	CNWH63628	2.0	1	MR-2026-04140	N			
324092	L009-OWSHEL-020E	CNWH63670	2.0	1	MR-2026-04166	Y			
324096	L009-OWSHEL-005E	CNWH64918	2.0	1	MR-2026-04216	N			
324135	L009-OWSHEL-020E	CNWH63642	2.0	1	MR-2026-04166	N			
326533	L017-OWPALT-034B	CNWH61098	2.0	1	MR-2026-04216	N			
326833	L009-OWSHEL-013A	CNWH66430	2.0	1	MR-2026-04281	Y			
326847	L009-OWSHEL-011B	CNWH66424	2.0	2	MR-2026-04726;MR-2026-04734	N			
326848	L009-OWSHEL-013A	CNWH66437	2.0	1	MR-2026-04275	Y			
326857	L009-OWSHEL-002B	CNWH66398	2.0	1	MR-2026-04275	N			
326861	L009-OWSHEL-012A	CNWH66412	2.0	1	MR-2026-04276	Y			
326861	L009-OWSHEL-014B	CNWH66454	2.0	1	MR-2026-04278	Y			
326863	L009-OWSHEL-002B	CNWH66384	2.0	1	MR-2026-04275	N			
326870	L009-OWSHEL-014B	CNWH66444	2.0	1	MR-2026-04730	N			
326875	L009-OWSHEL-012A	CNWH66411	2.0	1	MR-2026-04275	N			
327933	L017-OWPALT-038C	CNWH53607	2.0	1	MR-2026-04726	N			
327933	L017-OWPALT-038C	CNWH54660	2.0	2	MR-2026-04726;MR-2026-04729	N			
327941	L017-OWPALT-038C	CNWH54660	2.0	1	MR-2026-04727	Y			
327945	L017-OWPALT-038C	CNWH56181	2.0	1	MR-2026-04732	N			
329656	L017-OWPALT-015B	CNWH67034	2.0	1	MR-2026-04729	N			
329660	L017-OWPALT-015B	CNWH67033	2.0	1	MR-2026-04203	N			
329676	L017-OWPALT-038C	CNWH50783	2.0	2	MR-2026-04732;MR-2026-04734	N			
329682	L017-OWPALT-027C	CNWH60628	2.0	2	MR-2026-04254;MR-2026-04732	N			
329698	L017-OWPALT-015B	CNWH67032	2.0	1	MR-2026-04726	N			
329706	L017-OWPALT-015B	CNWH67034	2.0	1	MR-2026-04726	Y			
329800	L009-OWSHEL-018F	CNWH67041	2.0	1	MR-2026-04726	Y			
329803	L009-OWSHEL-018F	CNWH67041	2.0	1	MR-2026-04726	N			
329857	L017-OWPALT-039B	CNWH02068	2.0	1	MR-2026-04732	Y			
232350	L017-OWPALT-024A	CNWH62401	1.0	1	MR-2026-04442	Y			
232350	L017-OWPALT-030C	CNWH45292	1.0	1	MR-2026-04444	Y			
232393	L017-OWPALT-024A	CNWH51363	1.0	1	MR-2026-04443	Y			
232393	L017-OWPALT-024A	CNWH62401	1.0	1	MR-2026-04445	N			
232398	L017-OWPALT-024A	CNWH62401	1.0	1	MR-2026-04444	Y			
232399	L017-OWPALT-039B	CNWH65812	1.0	1	MR-2026-04442	Y			
232399	L017-OWPALT-024A	CNWH51363	1.0	1	MR-2026-04444	Y			
247775	L001-OWPALT-074B	CNWH61873	1.0	1	MR-2026-04668	N			
247780	L001-OWPALT-072A	CNWH42359	1.0	1	MR-2026-04676	N			
247782	L001-OWPALT-032A	CNWH69723	1.0	1	MR-2026-04668	Y			
256097	L001-OWPALT-056A	CNWH15350	1.0	1	MR-2026-04675	Y			
256098	L001-OWPALT-049A	CNWH15360	1.0	1	MR-2026-04674	N			
263315	L003-OWPALT-049A	CNWH69296	1.0	1	MR-2026-04667	Y			
263315	L006-OWPALT-001A	CNWH10911	1.0	1	MR-2026-04667	N			
263315	L003-OWPALT-054C	CNWH69300	1.0	1	MR-2026-04669	Y			
263315	L001-OWPALT-051C	CNWH10839	1.0	1	MR-2026-04670	Y			
263315	L003-OWPALT-063B	CNWH10877	1.0	1	MR-2026-04670	N			
263315	L001-OWPALT-033A	CNWH69814	1.0	1	MR-2026-04674	Y			
263315	L006-OWPALT-001A	CNWH10905	1.0	1	MR-2026-04674	N			
263315	L006-OWPALT-001A	CNWH10906	1.0	1	MR-2026-04674	N			
265751	L015-OWPALT-049A	CNWH52430	1.0	1	MR-2026-04699	N			
265752	L015-OWPALT-049A	CNWH52430	1.0	1	MR-2026-04699	N			
265752	L015-OWPALT-003C	CNWH66201	1.0	1	MR-2026-04700	Y			
265753	L015-OWPALT-003C	CNWH66201	1.0	1	MR-2026-04700	N			
265754	L015-OWPALT-049A	CNWH52430	1.0	1	MR-2026-04699	N			
265754	L015-OWPALT-056A	CNWH45145	1.0	1	MR-2026-04699	N			
266017	L008-OWSHEL-005E	CNWH58474	1.0	1	MR-2026-04680	N			
266017	L008-OWSHEL-019F	CNWH46946	1.0	1	MR-2026-04680	N			
266019	L008-OWSHEL-015C	CNWH58956	1.0	1	MR-2026-04680	N			
266019	L015-OWPALT-049A	CNWH43104	1.0	1	MR-2026-04680	N			
266020	L015-OWPALT-033A	CNWH64284	1.0	1	MR-2026-04679	N			
266020	L008-OWSHEL-015C	CNWH58193	1.0	1	MR-2026-04680	N			
267358	L002-OWPALT-009A	CNWH56699	1.0	1	MR-2026-04667	Y			
267358	L003-OWPALT-031B	CNWH05674	1.0	1	MR-2026-04668	Y			
267358	L003-OWPALT-031B	CNWH05676	1.0	1	MR-2026-04668	Y			
267358	L003-OWPALT-056A	CNWH15146	1.0	1	MR-2026-04668	Y			
267358	L002-OWPALT-032A	CNWH25899	1.0	1	MR-2026-04669	Y			
267358	L002-OWPALT-064A	CNWH05711	1.0	1	MR-2026-04669	Y			
267358	L003-OWPALT-031B	CNWH05673	1.0	1	MR-2026-04670	Y			
267358	L003-OWPALT-031B	CNWH05677	1.0	1	MR-2026-04670	Y			
267358	L003-OWPALT-031B	CNWH05678	1.0	1	MR-2026-04670	Y			
267358	L003-OWPALT-031B	CNWH15147	1.0	1	MR-2026-04670	Y			
267358	L003-OWPALT-031B	CNWH15148	1.0	1	MR-2026-04670	Y			
267358	L003-OWPALT-031B	CNWH15151	1.0	1	MR-2026-04670	Y			
267358	L002-OWPALT-010B	CNWH05636	1.0	1	MR-2026-04672	Y			
267358	L002-OWPALT-010B	CNWH51081	1.0	1	MR-2026-04672	Y			
267358	L002-OWPALT-016A	CNWH62428	1.0	1	MR-2026-04672	Y			
267358	L002-OWPALT-026B	CNWH67858	1.0	1	MR-2026-04672	Y			
267358	L002-OWPALT-058B	CNWH12695	1.0	1	MR-2026-04672	Y			
267358	L002-OWPALT-058B	CNWH42249	1.0	1	MR-2026-04672	Y			
267358	L002-OWPALT-058B	CNWH63602	1.0	1	MR-2026-04672	Y			
267358	L003-OWPALT-051C	CNWH05685	1.0	1	MR-2026-04672	Y			
267358	L002-OWPALT-032A	CNWH05713	1.0	1	MR-2026-04673	N			
267358	L002-OWPALT-032A	CNWH25896	1.0	1	MR-2026-04674	Y			
267358	L002-OWPALT-051C	CNWH05700	1.0	1	MR-2026-04676	N			
267358	L003-OWPALT-056A	CNWH15152	1.0	1	MR-2026-04676	N			
267358	L003-OWPALT-056A	CNWH15153	1.0	1	MR-2026-04676	N			
268186	L008-OWSHEL-005E	CNWH58474	1.0	1	MR-2026-04680	N			
268186	L008-OWSHEL-008E	CNWH55821	1.0	1	MR-2026-04680	N			
272737	L015-OWPALT-051C	CNWH64255	1.0	1	MR-2026-04679	N			
272778	L015-OWPALT-051C	CNWH64255	1.0	1	MR-2026-04679	N			
272778	L016-OWPALT-006C	CNWH50755	1.0	1	MR-2026-04679	N			
272779	L015-OWPALT-051C	CNWH64255	1.0	1	MR-2026-04679	N			
272793	L008-OWSHEL-015C	CNWH58956	1.0	1	MR-2026-04679	N			
272793	L015-OWPALT-006C	CNWH69068	1.0	1	MR-2026-04679	N			
272793	L008-OWSHEL-018F	CNWH55889	1.0	1	MR-2026-04680	N			
272793	L015-OWPALT-032A	CNWH61907	1.0	1	MR-2026-04680	N			
272794	L008-OWSHEL-005E	CNWH58474	1.0	1	MR-2026-04680	N			
272794	L008-OWSHEL-015C	CNWH58956	1.0	1	MR-2026-04680	N			
272795	L008-OWSHEL-015C	CNWH58545	1.0	1	MR-2026-04680	N			
272796	L008-OWSHEL-015C	CNWH58545	1.0	1	MR-2026-04679	N			
272796	L008-OWSHEL-018F	CNWH55889	1.0	1	MR-2026-04680	N			
272806	L015-OWPALT-032A	CNWH27149	1.0	1	MR-2026-04680	N			
272807	L008-OWSHEL-005E	CNWH58474	1.0	1	MR-2026-04680	N			
272808	L015-OWPALT-032A	CNWH27149	1.0	1	MR-2026-04680	N			
274248	L008-OWSHEL-018F	CNWH55889	1.0	1	MR-2026-04680	N			
274248	L008-OWSHEL-019F	CNWH46946	1.0	1	MR-2026-04680	N			
279306	L001-OWPALT-076D	CNWH63578	1.0	1	MR-2026-04678	N			
286376	L015-OWPALT-034B	CNWH61414	1.0	1	MR-2026-04679	N			
286378	L015-OWPALT-032A	CNWH61907	1.0	1	MR-2026-04679	N			
286392	L015-OWPALT-006C	CNWH69115	1.0	1	MR-2026-04679	N			
286393	L008-OWSHEL-018F	CNWH55889	1.0	1	MR-2026-04679	N			
286393	L015-OWPALT-051C	CNWH47004	1.0	1	MR-2026-04680	N			
286394	L015-OWPALT-006C	CNWH69115	1.0	1	MR-2026-04679	N			
286396	L016-OWPALT-006C	CNWH54352	1.0	1	MR-2026-04679	N			
286409	L008-OWSHEL-006F	CNWH57363	1.0	1	MR-2026-04680	N			
286410	L008-OWSHEL-008E	CNWH58962	1.0	1	MR-2026-04680	N			
286410	L008-OWSHEL-015C	CNWH58956	1.0	1	MR-2026-04680	N			
286789	L015-OWPALT-007B	CNWH68429	1.0	1	MR-2026-04679	N			
286789	L015-OWPALT-041A	CNWH68209	1.0	1	MR-2026-04679	N			
287109	L015-OWPALT-009A	CNWH66069	1.0	1	MR-2026-04699	N			
287109	L008-OWSHEL-023B	CNWH66569	1.0	1	MR-2026-04700	N			
287110	L015-OWPALT-009A	CNWH66069	1.0	1	MR-2026-04699	N			
287111	L015-OWPALT-033A	CNWH66636	1.0	1	MR-2026-04699	N			
287112	L015-OWPALT-009A	CNWH66069	1.0	1	MR-2026-04699	N			
287112	L008-OWSHEL-023B	CNWH66569	1.0	1	MR-2026-04700	N			
287113	L008-OWSHEL-023B	CNWH66569	1.0	1	MR-2026-04699	N			
287114	L015-OWPALT-041A	CNWH66258	1.0	1	MR-2026-04699	N			
287115	L015-OWPALT-016A	CNWH66019	1.0	1	MR-2026-04699	N			
287115	L015-OWPALT-041A	CNWH66258	1.0	1	MR-2026-04699	N			
287116	L015-OWPALT-041A	CNWH66258	1.0	1	MR-2026-04699	N			
287117	L015-OWPALT-041A	CNWH66258	1.0	1	MR-2026-04699	N			
287118	L015-OWPALT-041A	CNWH66258	1.0	1	MR-2026-04699	N			
287124	L015-OWPALT-041A	CNWH66258	1.0	1	MR-2026-04699	N			
287126	L015-OWPALT-041A	CNWH66258	1.0	1	MR-2026-04699	N			
287128	L015-OWPALT-041A	CNWH66258	1.0	1	MR-2026-04699	N			
287129	L015-OWPALT-055B	CNWH66212	1.0	1	MR-2026-04700	N			
287133	L008-OWSHEL-009D	CNWH66050	1.0	1	MR-2026-04699	Y			
287133	L015-OWPALT-025A	CNWH66085	1.0	1	MR-2026-04700	N			
287134	L008-OWSHEL-013A	CNWH46205	1.0	1	MR-2026-04700	N			
287135	L008-OWSHEL-013A	CNWH46205	1.0	1	MR-2026-04700	N			
287135	L015-OWPALT-025A	CNWH66085	1.0	1	MR-2026-04700	N			
287138	L008-OWSHEL-013A	CNWH46205	1.0	1	MR-2026-04699	N			
287138	L015-OWPALT-025A	CNWH66085	1.0	1	MR-2026-04700	N			
287141	L015-OWPALT-042B	CNWH52209	1.0	1	MR-2026-04699	N			
287144	L015-OWPALT-009A	CNWH66069	1.0	1	MR-2026-04699	N			
287144	L015-OWPALT-049A	CNWH61906	1.0	1	MR-2026-04700	N			
287148	L008-OWSHEL-023B	CNWH66569	1.0	1	MR-2026-04700	N			
287409	L015-OWPALT-041A	CNWH69170	1.0	1	MR-2026-04679	N			
287416	L016-OWPALT-006C	CNWH54352	1.0	1	MR-2026-04680	N			
287428	L015-OWPALT-051C	CNWH68850	1.0	1	MR-2026-04679	N			
287431	L016-OWPALT-006C	CNWH54352	1.0	1	MR-2026-04679	N			
287656	L015-OWPALT-032A	CNWH66182	1.0	1	MR-2026-04679	N			
287657	L015-OWPALT-032A	CNWH66182	1.0	1	MR-2026-04679	N			
287659	L015-OWPALT-032A	CNWH66182	1.0	1	MR-2026-04679	N			
287699	L003-OWPALT-041A	CNWH18193	1.0	1	MR-2026-04668	N			
287703	L002-OWPALT-064A	CNWH15895	1.0	1	MR-2026-04673	N			
287705	L001-OWPALT-025A	CNWH17979	1.0	1	MR-2026-04667	N			
287705	L001-OWPALT-016A	CNWH15987	1.0	1	MR-2026-04670	N			
287705	L001-OWPALT-016A	CNWH15988	1.0	1	MR-2026-04670	N			
287705	L001-OWPALT-016A	CNWH15935	1.0	1	MR-2026-04672	Y			
287705	L001-OWPALT-016A	CNWH15937	1.0	1	MR-2026-04672	Y			
287708	L003-OWPALT-041A	CNWH69271	1.0	1	MR-2026-04670	N			
290067	L015-OWPALT-040A	CNWH61468	1.0	1	MR-2026-04700	N			
290071	L015-OWPALT-040A	CNWH61468	1.0	1	MR-2026-04700	N			
290072	L015-OWPALT-051C	CNWH61361	1.0	1	MR-2026-04700	N			
290073	L015-OWPALT-051C	CNWH61361	1.0	1	MR-2026-04700	N			
290074	L015-OWPALT-051C	CNWH61361	1.0	1	MR-2026-04700	N			
290084	L008-OWSHEL-024A	CNWH66232	1.0	1	MR-2026-04700	N			
290085	L015-OWPALT-051C	CNWH61361	1.0	1	MR-2026-04700	N			
290089	L015-OWPALT-051C	CNWH61361	1.0	1	MR-2026-04700	N			
301442	L009-OWSHEL-022C	CNWH66471	1.0	1	MR-2026-04449	N			
301443	L009-OWSHEL-022C	CNWH66471	1.0	1	MR-2026-04449	N			
301444	L009-OWSHEL-015C	CNWH43211	1.0	1	MR-2026-04449	N			
301444	L009-OWSHEL-022C	CNWH66471	1.0	1	MR-2026-04449	N			
301472	L009-OWSHEL-016D	CNWH66435	1.0	1	MR-2026-04449	N			
301472	L009-OWSHEL-016D	CNWH66442	1.0	1	MR-2026-04449	N			
301479	L016-OWPALT-040A	CNWH64785	1.0	1	MR-2026-04449	N			
301501	L009-OWSHEL-015C	CNWH41108	1.0	1	MR-2026-04449	N			
301501	L009-OWSHEL-015C	CNWH42314	1.0	1	MR-2026-04449	N			
301503	L009-OWSHEL-015C	CNWH41108	1.0	1	MR-2026-04449	N			
301503	L009-OWSHEL-022C	CNWH66431	1.0	1	MR-2026-04449	N			
301513	L009-OWSHEL-016D	CNWH66442	1.0	1	MR-2026-04449	N			
301515	L016-OWPALT-040A	CNWH64785	1.0	1	MR-2026-04449	N			
301516	L009-OWSHEL-007F	CNWH57834	1.0	1	MR-2026-04449	N			
301545	L009-OWSHEL-016D	CNWH52980	1.0	1	MR-2026-04449	N			
301545	L016-OWPALT-040A	CNWH64785	1.0	1	MR-2026-04449	N			
301546	L009-OWSHEL-016D	CNWH52980	1.0	1	MR-2026-04449	N			
301546	L009-OWSHEL-016D	CNWH66442	1.0	1	MR-2026-04449	N			
301547	L009-OWSHEL-016D	CNWH52980	1.0	1	MR-2026-04449	N			
301547	L009-OWSHEL-016D	CNWH66468	1.0	1	MR-2026-04449	N			
302018	L016-OWPALT-015B	CNWH66168	1.0	1	MR-2026-04364	Y			
302018	L016-OWPALT-015B	CNWH50787	1.0	1	MR-2026-04376	N			
302023	L016-OWPALT-015B	CNWH64938	1.0	1	MR-2026-04341	N			
302024	L010-OWSHEL-006F	CNWH54069	1.0	1	MR-2026-04341	N			
302024	L009-OWSHEL-043F	CNWH64363	1.0	1	MR-2026-04351	Y			
302024	L009-OWSHEL-027C	CNWH66782	1.0	1	MR-2026-04410	N			
302036	L009-OWSHEL-027C	CNWH66782	1.0	1	MR-2026-04341	N			
302041	L009-OWSHEL-041E	CNWH55840	1.0	1	MR-2026-04329	Y			
302041	L009-OWSHEL-007F	CNWH64300	1.0	1	MR-2026-04341	Y			
302041	L010-OWSHEL-044E	CNWH65115	1.0	1	MR-2026-04341	Y			
302041	L009-OWSHEL-020E	CNWH54884	1.0	1	MR-2026-04433	Y			
302042	L009-OWSHEL-010C	CNWH66413	1.0	1	MR-2026-04341	N			
302048	L009-OWSHEL-027C	CNWH66782	1.0	1	MR-2026-04376	N			
302049	L009-OWSHEL-027C	CNWH60198	1.0	1	MR-2026-04341	N			
302053	L009-OWSHEL-012A	CNWH66420	1.0	1	MR-2026-04364	Y			
302083	L016-OWPALT-015B	CNWH64938	1.0	1	MR-2026-04341	Y			
302083	L016-OWPALT-032A	CNWH66732	1.0	1	MR-2026-04364	N			
302090	L009-OWSHEL-027C	CNWH66782	1.0	1	MR-2026-04317	N			
302091	L016-OWPALT-032A	CNWH66081	1.0	1	MR-2026-04376	Y			
302096	L009-OWSHEL-027C	CNWH60469	1.0	1	MR-2026-04317	Y			
302101	L016-OWPALT-032A	CNWH66732	1.0	1	MR-2026-04317	N			
302101	L016-OWPALT-015B	CNWH61298	1.0	1	MR-2026-04351	N			
302102	L016-OWPALT-032A	CNWH66732	1.0	1	MR-2026-04317	N			
302102	L009-OWSHEL-009D	CNWH66449	1.0	1	MR-2026-04341	N			
302633	L015-OWPALT-015B	CNWH65624	1.0	1	MR-2026-04700	N			
302633	L015-OWPALT-040A	CNWH61468	1.0	1	MR-2026-04700	N			
302634	L015-OWPALT-040A	CNWH61468	1.0	1	MR-2026-04700	N			
302635	L015-OWPALT-040A	CNWH61468	1.0	1	MR-2026-04700	N			
302636	L015-OWPALT-015B	CNWH65624	1.0	1	MR-2026-04700	N			
302636	L015-OWPALT-040A	CNWH61468	1.0	1	MR-2026-04700	N			
302637	L015-OWPALT-015B	CNWH65623	1.0	1	MR-2026-04700	N			
302641	L015-OWPALT-015B	CNWH65623	1.0	1	MR-2026-04700	N			
302642	L015-OWPALT-040A	CNWH61468	1.0	1	MR-2026-04700	N			
302643	L015-OWPALT-016A	CNWH66019	1.0	1	MR-2026-04700	N			
302643	L015-OWPALT-040A	CNWH61468	1.0	1	MR-2026-04700	N			
302644	L015-OWPALT-015B	CNWH65624	1.0	1	MR-2026-04700	N			
302644	L015-OWPALT-016A	CNWH66019	1.0	1	MR-2026-04700	N			
302645	L015-OWPALT-016A	CNWH66019	1.0	1	MR-2026-04700	N			
303910	L002-OWPALT-049A	CNWH49432	1.0	1	MR-2026-04667	Y			
303910	L002-OWPALT-049A	CNWH49563	1.0	1	MR-2026-04670	Y			
303910	L002-OWPALT-049A	CNWH49564	1.0	1	MR-2026-04673	N			
303910	L002-OWPALT-049A	CNWH49565	1.0	1	MR-2026-04673	N			
303910	L002-OWPALT-049A	CNWH49561	1.0	1	MR-2026-04674	Y			
303910	L002-OWPALT-049A	CNWH49562	1.0	1	MR-2026-04677	Y			
303910	L002-OWPALT-049A	CNWH49568	1.0	1	MR-2026-04677	N			
305673	L008-OWSHEL-017E	CNWH51072	1.0	1	MR-2026-04700	N			
305674	L008-OWSHEL-017E	CNWH55947	1.0	1	MR-2026-04700	N			
305674	L008-OWSHEL-017E	CNWH58661	1.0	1	MR-2026-04700	N			
305677	L008-OWSHEL-017E	CNWH58661	1.0	1	MR-2026-04700	N			
305678	L008-OWSHEL-017E	CNWH55947	1.0	1	MR-2026-04700	N			
305680	L008-OWSHEL-017E	CNWH55947	1.0	1	MR-2026-04700	N			
305681	L008-OWSHEL-017E	CNWH55947	1.0	1	MR-2026-04700	N			
305681	L015-OWPALT-016A	CNWH28234	1.0	1	MR-2026-04700	N			
305682	L008-OWSHEL-017E	CNWH55947	1.0	1	MR-2026-04700	N			
305683	L008-OWSHEL-017E	CNWH58661	1.0	1	MR-2026-04700	N			
305684	L008-OWSHEL-017E	CNWH55947	1.0	1	MR-2026-04700	N			
305687	L008-OWSHEL-017E	CNWH58661	1.0	1	MR-2026-04700	N			
305688	L008-OWSHEL-024A	CNWH66232	1.0	1	MR-2026-04700	N			
305691	L008-OWSHEL-024A	CNWH66232	1.0	1	MR-2026-04700	N			
305692	L015-OWPALT-002B	CNWH61471	1.0	1	MR-2026-04700	N			
305693	L008-OWSHEL-017E	CNWH51072	1.0	1	MR-2026-04700	N			
305693	L015-OWPALT-002B	CNWH61471	1.0	1	MR-2026-04700	N			
305694	L015-OWPALT-015B	CNWH65638	1.0	1	MR-2026-04700	N			
305696	L015-OWPALT-039B	CNWH66183	1.0	1	MR-2026-04700	N			
305698	L015-OWPALT-051C	CNWH61361	1.0	1	MR-2026-04700	N			
305699	L015-OWPALT-002B	CNWH61471	1.0	1	MR-2026-04700	N			
305700	L015-OWPALT-002B	CNWH61471	1.0	1	MR-2026-04700	N			
305700	L015-OWPALT-015B	CNWH65638	1.0	1	MR-2026-04700	N			
305701	L015-OWPALT-051C	CNWH61361	1.0	1	MR-2026-04700	N			
305703	L015-OWPALT-015B	CNWH65638	1.0	1	MR-2026-04700	N			
306417	L001-OWPALT-073A	CNWH42159	1.0	1	MR-2026-04677	N			
308311	L001-OWPALT-042B	CNWH43794	1.0	1	MR-2026-04667	N			
308315	L002-OWPALT-034B	CNWH44167	1.0	1	MR-2026-04669	Y			
308315	L002-OWPALT-034B	CNWH62419	1.0	1	MR-2026-04669	N			
308315	L002-OWPALT-034B	CNWH44169	1.0	1	MR-2026-04672	N			
308318	L001-OWPALT-060D	CNWH44212	1.0	1	MR-2026-04669	N			
308318	L001-OWPALT-060D	CNWH44215	1.0	1	MR-2026-04669	N			
308318	L002-OWPALT-001A	CNWH67845	1.0	1	MR-2026-04670	N			
308318	L003-OWPALT-041A	CNWH44297	1.0	1	MR-2026-04670	N			
308318	L003-OWPALT-041A	CNWH44303	1.0	1	MR-2026-04670	N			
308638	L015-OWPALT-026B	CNWH66615	1.0	1	MR-2026-04700	N			
308639	L015-OWPALT-051C	CNWH61361	1.0	1	MR-2026-04700	N			
308640	L008-OWSHEL-009D	CNWH66054	1.0	1	MR-2026-04700	N			
308641	L015-OWPALT-051C	CNWH61361	1.0	1	MR-2026-04700	N			
308642	L015-OWPALT-051C	CNWH61361	1.0	1	MR-2026-04700	N			
314533	L010-OWSHEL-044E	CNWH65115	1.0	1	MR-2026-04388	Y			
314533	L010-OWSHEL-006F	CNWH56517	1.0	1	MR-2026-04399	N			
314534	L009-OWSHEL-027C	CNWH60469	1.0	1	MR-2026-04341	N			
314535	L010-OWSHEL-006F	CNWH56517	1.0	1	MR-2026-04341	N			
314535	L016-OWPALT-018B	CNWH60245	1.0	1	MR-2026-04433	N			
314536	L016-OWPALT-018B	CNWH60245	1.0	1	MR-2026-04329	N			
314538	L016-OWPALT-032A	CNWH66081	1.0	1	MR-2026-04376	N			
314541	L009-OWSHEL-006F	CNWH64315	1.0	1	MR-2026-04341	N			
314541	L016-OWPALT-015B	CNWH62604	1.0	1	MR-2026-04376	N			
314546	L009-OWSHEL-006F	CNWH64315	1.0	1	MR-2026-04341	Y			
314547	L009-OWSHEL-009D	CNWH66449	1.0	1	MR-2026-04341	N			
314552	L016-OWPALT-018B	CNWH54206	1.0	1	MR-2026-04399	N			
314564	L009-OWSHEL-037A	CNWH62624	1.0	1	MR-2026-04399	N			
314565	L016-OWPALT-015B	CNWH61298	1.0	1	MR-2026-04351	N			
314565	L009-OWSHEL-011B	CNWH66436	1.0	1	MR-2026-04364	N			
314570	L009-OWSHEL-009D	CNWH66449	1.0	1	MR-2026-04341	Y			
314571	L009-OWSHEL-006F	CNWH50794	1.0	1	MR-2026-04329	N			
314576	L009-OWSHEL-010C	CNWH66413	1.0	1	MR-2026-04376	N			
314577	L009-OWSHEL-011B	CNWH66436	1.0	1	MR-2026-04399	N			
314578	L009-OWSHEL-010C	CNWH66413	1.0	1	MR-2026-04376	N			
314583	L009-OWSHEL-043F	CNWH64288	1.0	1	MR-2026-04351	Y			
314635	B006-OWSHEL-015C	CNWH52128	1.0	1	MR-2026-03793	N			
314637	B006-OWSHEL-015C	CNWH52073	1.0	1	MR-2026-03773	N			
314638	B006-OWSHEL-015C	CNWH52126	1.0	1	MR-2026-03793	Y			
314644	B006-OWSHEL-015C	CNWH52104	1.0	1	MR-2026-03753	N			
314659	B006-OWSHEL-015C	CNWH52104	1.0	1	MR-2026-03753	Y			
314659	B006-OWSHEL-015C	CNWH52128	1.0	1	MR-2026-03753	Y			
314659	B006-OWSHEL-015C	CNWH55653	1.0	1	MR-2026-03753	N			
314659	B006-OWSHEL-015C	CNWH52141	1.0	1	MR-2026-03793	N			
315148	L022-OWPALT-001A	CNWH65583	1.0	1	MR-2026-04833	N			
318341	L017-OWPALT-006C	CNWH53548	1.0	1	MR-2026-04254	N			
318356	L017-OWPALT-006C	CNWH53548	1.0	1	MR-2026-04203	N			
318425	L017-OWPALT-038C	CNWH51359	1.0	1	MR-2026-04203	N			
318477	B004-OWSHEL-003C	CNWH62230	1.0	1	MR-2026-03793	Y			
318483	B005-OWSHEL-003C	CNWH62258	1.0	1	MR-2026-03793	Y			
318489	B004-OWSHEL-023B	CNWH55693	1.0	1	MR-2026-03793	N			
318502	B004-OWSHEL-024A	CNWH55684	1.0	1	MR-2026-03753	N			
318502	B004-OWSHEL-027C	CNWH55692	1.0	1	MR-2026-03753	N			
318505	B003-OWSHEL-012A	CNWH69232	1.0	1	MR-2026-03733	Y			
318505	B002-OWSHEL-011B	CNWH55589	1.0	1	MR-2026-03793	Y			
318505	B002-OWSHEL-011B	CNWH55597	1.0	1	MR-2026-03793	Y			
319019	L015-OWPALT-051C	CNWH64430	1.0	1	MR-2026-04700	N			
319021	L015-OWPALT-049A	CNWH61906	1.0	1	MR-2026-04700	N			
319022	L015-OWPALT-026B	CNWH66546	1.0	1	MR-2026-04700	N			
319022	L015-OWPALT-051C	CNWH64430	1.0	1	MR-2026-04700	N			
319023	L015-OWPALT-051C	CNWH64430	1.0	1	MR-2026-04700	N			
319045	L015-OWPALT-015B	CNWH65638	1.0	1	MR-2026-04700	N			
319045	L015-OWPALT-026B	CNWH66615	1.0	1	MR-2026-04700	N			
319047	L015-OWPALT-040A	CNWH66719	1.0	1	MR-2026-04700	N			
320123	L001-OWPALT-048A	CNWH64519	1.0	1	MR-2026-04674	N			
320125	L001-OWPALT-049A	CNWH63547	1.0	1	MR-2026-04669	N			
320125	L001-OWPALT-069D	CNWH67896	1.0	1	MR-2026-04669	N			
320125	L001-OWPALT-065A	CNWH55406	1.0	1	MR-2026-04672	Y			
320127	L001-OWPALT-049A	CNWH67848	1.0	1	MR-2026-04668	Y			
320127	L001-OWPALT-065A	CNWH64589	1.0	1	MR-2026-04672	Y			
320129	L001-OWPALT-080A	CNWH63615	1.0	1	MR-2026-04676	N			
321202	L016-OWPALT-010B	CNWH54161	1.0	1	MR-2026-04153	Y			
321202	L016-OWPALT-026B	CNWH59191	1.0	1	MR-2026-04229	Y			
321981	B002-OWSHEL-011B	CNWH68296	1.0	1	MR-2026-03942	Y			
321981	B004-OWSHEL-002B	CNWH63880	1.0	1	MR-2026-03949	Y			
321981	B002-OWSHEL-014B	CNWH63827	1.0	1	MR-2026-04055	Y			
321982	B003-OWSHEL-025A	CNWH63740	1.0	1	MR-2026-04001	Y			
321982	B003-OWSHEL-001A	CNWH63826	1.0	1	MR-2026-04033	Y			
321985	B003-OWSHEL-025A	CNWH63766	1.0	1	MR-2026-04001	Y			
321985	B003-OWSHEL-025A	CNWH63735	1.0	1	MR-2026-04020	Y			
321985	B004-OWSHEL-001A	CNWH63773	1.0	1	MR-2026-04656	N			
321985	B004-OWSHEL-001A	CNWH63780	1.0	1	MR-2026-04665	N			
321986	B003-OWSHEL-025A	CNWH63735	1.0	1	MR-2026-03942	Y			
321986	B004-OWSHEL-001A	CNWH63779	1.0	1	MR-2026-03949	N			
321986	B004-OWSHEL-001A	CNWH63770	1.0	1	MR-2026-04033	N			
321986	B004-OWSHEL-001A	CNWH63780	1.0	1	MR-2026-04658	N			
321987	B004-OWSHEL-001A	CNWH63771	1.0	1	MR-2026-04033	N			
321987	B004-OWSHEL-001A	CNWH63780	1.0	1	MR-2026-04658	N			
321987	B004-OWSHEL-001A	CNWH63777	1.0	1	MR-2026-04660	N			
321988	B004-OWSHEL-001A	CNWH63780	1.0	1	MR-2026-04013	N			
321991	B004-OWSHEL-026B	CNWH64213	1.0	1	MR-2026-04666	N			
321992	B005-OWSHEL-002B	CNWH64064	1.0	1	MR-2026-04013	N			
321993	B005-OWSHEL-002B	CNWH64064	1.0	1	MR-2026-04033	Y			
321993	B005-OWSHEL-002B	CNWH64208	1.0	1	MR-2026-04033	Y			
321993	B005-OWSHEL-036A	CNWH64234	1.0	1	MR-2026-04661	Y			
321993	B005-OWSHEL-036A	CNWH64239	1.0	1	MR-2026-04661	Y			
322022	B004-OWSHEL-026B	CNWH63882	1.0	1	MR-2026-04658	N			
322022	B004-OWSHEL-026B	CNWH64203	1.0	1	MR-2026-04658	Y			
322022	B004-OWSHEL-025A	CNWH64227	1.0	1	MR-2026-04659	N			
322023	B004-OWSHEL-026B	CNWH64233	1.0	1	MR-2026-04055	Y			
322023	B004-OWSHEL-025A	CNWH64227	1.0	1	MR-2026-04657	N			
322023	B004-OWSHEL-026B	CNWH64213	1.0	1	MR-2026-04658	Y			
322023	B005-OWSHEL-003C	CNWH63883	1.0	1	MR-2026-04665	N			
322024	B004-OWSHEL-002B	CNWH63880	1.0	1	MR-2026-04659	N			
322024	B004-OWSHEL-025A	CNWH64227	1.0	1	MR-2026-04664	Y			
322024	B004-OWSHEL-026B	CNWH64233	1.0	1	MR-2026-04665	N			
322027	B004-OWSHEL-002B	CNWH63880	1.0	1	MR-2026-04055	Y			
322028	B004-OWSHEL-026B	CNWH64203	1.0	1	MR-2026-04013	Y			
322028	B004-OWSHEL-002B	CNWH64002	1.0	1	MR-2026-04020	Y			
322028	B004-OWSHEL-027C	CNWH63874	1.0	1	MR-2026-04659	N			
322029	B002-OWSHEL-013A	CNWH63824	1.0	1	MR-2026-03942	Y			
322029	B004-OWSHEL-002B	CNWH63731	1.0	1	MR-2026-03949	Y			
322029	B004-OWSHEL-002B	CNWH64002	1.0	1	MR-2026-03949	Y			
322029	B004-OWSHEL-026B	CNWH64193	1.0	1	MR-2026-03988	Y			
322029	B004-OWSHEL-027C	CNWH63874	1.0	1	MR-2026-03988	Y			
322029	B004-OWSHEL-002B	CNWH63880	1.0	1	MR-2026-04001	Y			
322029	B004-OWSHEL-026B	CNWH63882	1.0	1	MR-2026-04033	Y			
322039	B004-OWSHEL-025A	CNWH63754	1.0	1	MR-2026-04001	N			
322039	B004-OWSHEL-025A	CNWH64194	1.0	1	MR-2026-04001	Y			
322039	B004-OWSHEL-025A	CNWH63738	1.0	1	MR-2026-04013	Y			
322039	B004-OWSHEL-025A	CNWH63749	1.0	1	MR-2026-04020	Y			
322040	B004-OWSHEL-025A	CNWH63738	1.0	1	MR-2026-04033	N			
322041	B004-OWSHEL-025A	CNWH63754	1.0	1	MR-2026-03988	N			
322042	B003-OWSHEL-025A	CNWH63735	1.0	1	MR-2026-04658	N			
322042	B004-OWSHEL-026B	CNWH64213	1.0	1	MR-2026-04661	N			
322047	B004-OWSHEL-026B	CNWH64233	1.0	1	MR-2026-04656	Y			
322047	B005-OWSHEL-003C	CNWH63883	1.0	1	MR-2026-04665	N			
322048	B005-OWSHEL-036A	CNWH64234	1.0	1	MR-2026-03949	Y			
322048	B005-OWSHEL-002B	CNWH63893	1.0	1	MR-2026-03988	Y			
322048	B005-OWSHEL-002B	CNWH64243	1.0	1	MR-2026-04033	Y			
322058	B005-OWSHEL-002B	CNWH63893	1.0	1	MR-2026-03929	Y			
322058	B005-OWSHEL-003C	CNWH57151	1.0	1	MR-2026-04665	Y			
322059	B005-OWSHEL-002B	CNWH63893	1.0	1	MR-2026-03929	Y			
322059	B005-OWSHEL-036A	CNWH63956	1.0	1	MR-2026-04659	Y			
322059	B005-OWSHEL-002B	CNWH64187	1.0	1	MR-2026-04663	N			
322059	B005-OWSHEL-003C	CNWH57151	1.0	1	MR-2026-04665	N			
322060	B005-OWSHEL-002B	CNWH64064	1.0	1	MR-2026-04033	Y			
322070	B004-OWSHEL-002B	CNWH63731	1.0	1	MR-2026-04013	Y			
322070	B004-OWSHEL-002B	CNWH63998	1.0	1	MR-2026-04013	N			
322071	B004-OWSHEL-002B	CNWH63731	1.0	1	MR-2026-04013	Y			
322071	B004-OWSHEL-027C	CNWH63881	1.0	1	MR-2026-04660	N			
322071	B003-OWSHEL-025A	CNWH63982	1.0	1	MR-2026-04661	N			
322072	B002-OWSHEL-014B	CNWH63814	1.0	1	MR-2026-03942	Y			
322072	B004-OWSHEL-002B	CNWH63979	1.0	1	MR-2026-04658	Y			
322072	B004-OWSHEL-027C	CNWH63881	1.0	1	MR-2026-04660	Y			
322072	B003-OWSHEL-025A	CNWH63999	1.0	1	MR-2026-04661	N			
322081	B002-OWSHEL-013A	CNWH63824	1.0	1	MR-2026-03962	N			
322081	B002-OWSHEL-014B	CNWH63841	1.0	1	MR-2026-03962	Y			
322082	B004-OWSHEL-026B	CNWH64195	1.0	1	MR-2026-04663	N			
322083	B003-OWSHEL-001A	CNWH63825	1.0	1	MR-2026-04658	N			
322083	B003-OWSHEL-001A	CNWH63818	1.0	1	MR-2026-04660	N			
322083	B002-OWSHEL-013A	CNWH63824	1.0	1	MR-2026-04661	N			
322083	B004-OWSHEL-026B	CNWH64195	1.0	1	MR-2026-04663	N			
322084	B003-OWSHEL-001A	CNWH63826	1.0	1	MR-2026-04055	N			
322085	B002-OWSHEL-013A	CNWH63836	1.0	1	MR-2026-03942	Y			
322085	B002-OWSHEL-001A	CNWH63955	1.0	1	MR-2026-04001	Y			
322130	L010-OWSHEL-006F	CNWH56487	1.0	1	MR-2026-04285	Y			
322130	L010-OWSHEL-034C	CNWH61990	1.0	1	MR-2026-04286	Y			
322130	L016-OWPALT-056A	CNWH64097	1.0	1	MR-2026-04292	Y			
322134	L016-OWPALT-056A	CNWH64097	1.0	1	MR-2026-04287	Y			
322134	L010-OWSHEL-006F	CNWH56487	1.0	1	MR-2026-04292	Y			
322137	L010-OWSHEL-006F	CNWH56487	1.0	1	MR-2026-04292	N			
322142	L010-OWSHEL-025A	CNWH61991	1.0	1	MR-2026-04286	N			
322160	L009-OWSHEL-005E	CNWH61076	1.0	1	MR-2026-04291	Y			
322160	L009-OWSHEL-005E	CNWH61102	1.0	1	MR-2026-04292	N			
322161	L016-OWPALT-056A	CNWH64097	1.0	1	MR-2026-04287	Y			
322184	L009-OWSHEL-040D	CNWH62334	1.0	1	MR-2026-04291	N			
322187	L009-OWSHEL-040D	CNWH62334	1.0	1	MR-2026-04291	Y			
322196	L009-OWSHEL-038B	CNWH61131	1.0	1	MR-2026-04286	N			
322202	L010-OWSHEL-037A	CNWH61079	1.0	1	MR-2026-04287	N			
322202	L016-OWPALT-056A	CNWH64097	1.0	1	MR-2026-04292	Y			
322203	L010-OWSHEL-040D	CNWH61112	1.0	1	MR-2026-04291	Y			
322203	L016-OWPALT-056A	CNWH64097	1.0	1	MR-2026-04292	Y			
322204	L016-OWPALT-056A	CNWH64097	1.0	1	MR-2026-04284	N			
322211	L010-OWSHEL-039C	CNWH61692	1.0	1	MR-2026-04293	Y			
322212	L010-OWSHEL-039C	CNWH61122	1.0	1	MR-2026-04285	N			
322212	L010-OWSHEL-039C	CNWH61692	1.0	1	MR-2026-04285	N			
322220	L010-OWSHEL-038B	CNWH61105	1.0	1	MR-2026-04290	N			
322226	L010-OWSHEL-037A	CNWH61079	1.0	1	MR-2026-04289	Y			
322226	L010-OWSHEL-038B	CNWH61110	1.0	1	MR-2026-04292	N			
322228	L010-OWSHEL-038B	CNWH61110	1.0	1	MR-2026-04292	N			
322230	L010-OWSHEL-037A	CNWH61140	1.0	1	MR-2026-04291	Y			
322230	L010-OWSHEL-037A	CNWH61090	1.0	1	MR-2026-04294	Y			
322235	L010-OWSHEL-038B	CNWH62333	1.0	1	MR-2026-04292	Y			
322236	L010-OWSHEL-039C	CNWH61108	1.0	1	MR-2026-04283	N			
322236	L010-OWSHEL-038B	CNWH62333	1.0	1	MR-2026-04284	N			
322236	L010-OWSHEL-040D	CNWH61089	1.0	1	MR-2026-04287	N			
322295	L017-OWPALT-030C	CNWH63656	1.0	1	MR-2026-04329	Y			
322295	L017-OWPALT-022C	CNWH59806	1.0	1	MR-2026-04341	Y			
322299	L017-OWPALT-046C	CNWH59804	1.0	1	MR-2026-04376	Y			
322299	L017-OWPALT-054C	CNWH62696	1.0	1	MR-2026-04388	N			
322304	L017-OWPALT-054C	CNWH65166	1.0	1	MR-2026-04433	N			
322306	L017-OWPALT-046C	CNWH60229	1.0	1	MR-2026-04329	N			
322307	L017-OWPALT-046C	CNWH65029	1.0	1	MR-2026-04433	N			
322307	L017-OWPALT-051C	CNWH60222	1.0	1	MR-2026-04433	N			
322310	L017-OWPALT-030C	CNWH45292	1.0	1	MR-2026-04433	N			
322328	L017-OWPALT-046C	CNWH59818	1.0	1	MR-2026-04351	N			
322329	L017-OWPALT-054C	CNWH62696	1.0	1	MR-2026-04433	N			
322331	L017-OWPALT-046C	CNWH59816	1.0	1	MR-2026-04329	N			
322334	L017-OWPALT-046C	CNWH59803	1.0	1	MR-2026-04329	N			
322334	L017-OWPALT-046C	CNWH59782	1.0	1	MR-2026-04341	N			
322336	L017-OWPALT-046C	CNWH59821	1.0	1	MR-2026-04364	N			
322340	L017-OWPALT-006C	CNWH57515	1.0	1	MR-2026-04399	N			
322341	L017-OWPALT-054C	CNWH59813	1.0	1	MR-2026-04433	N			
322342	L017-OWPALT-046C	CNWH59818	1.0	1	MR-2026-04329	N			
322343	L017-OWPALT-054C	CNWH59813	1.0	1	MR-2026-04388	N			
322345	L017-OWPALT-015B	CNWH59791	1.0	1	MR-2026-04376	N			
322347	L017-OWPALT-015B	CNWH59791	1.0	1	MR-2026-04341	Y			
322348	L017-OWPALT-054C	CNWH59784	1.0	1	MR-2026-04433	N			
322363	L010-OWSHEL-013A	CNWH60637	1.0	1	MR-2026-03854	N			
322364	L010-OWSHEL-010C	CNWH60634	1.0	1	MR-2026-03907	N			
322367	L010-OWSHEL-013A	CNWH60637	1.0	1	MR-2026-03883	N			
322372	L010-OWSHEL-004D	CNWH60595	1.0	1	MR-2026-03843	N			
322373	L010-OWSHEL-014B	CNWH56887	1.0	1	MR-2026-03883	N			
322374	L010-OWSHEL-014B	CNWH60477	1.0	1	MR-2026-03854	N			
322379	L010-OWSHEL-003C	CNWH60917	1.0	1	MR-2026-03900	N			
322387	L010-OWSHEL-015C	CNWH60258	1.0	1	MR-2026-03836	N			
322389	L010-OWSHEL-003C	CNWH60866	1.0	1	MR-2026-03907	N			
322391	L010-OWSHEL-002B	CNWH60905	1.0	1	MR-2026-03829	N			
322391	L010-OWSHEL-009D	CNWH60648	1.0	1	MR-2026-03887	N			
322392	L010-OWSHEL-003C	CNWH60253	1.0	1	MR-2026-03890	Y			
322396	L010-OWSHEL-040D	CNWH60614	1.0	1	MR-2026-03890	N			
322396	L010-OWSHEL-036A	CNWH60675	1.0	1	MR-2026-03907	N			
322399	L009-OWSHEL-048A	CNWH60196	1.0	1	MR-2026-03883	N			
322403	L010-OWSHEL-035B	CNWH60609	1.0	1	MR-2026-03829	N			
322406	L010-OWSHEL-036A	CNWH60669	1.0	1	MR-2026-03854	N			
322408	L009-OWSHEL-046C	CNWH60224	1.0	1	MR-2026-03890	N			
322409	L009-OWSHEL-046C	CNWH60224	1.0	1	MR-2026-03890	N			
322410	L009-OWSHEL-046C	CNWH60940	1.0	1	MR-2026-03890	N			
322414	L010-OWSHEL-035B	CNWH60643	1.0	1	MR-2026-03864	N			
322415	L010-OWSHEL-035B	CNWH60643	1.0	1	MR-2026-03843	N			
322417	L010-OWSHEL-023B	CNWH61150	1.0	1	MR-2026-03890	N			
322422	L010-OWSHEL-023B	CNWH61150	1.0	1	MR-2026-03836	N			
322423	L010-OWSHEL-022C	CNWH61227	1.0	1	MR-2026-03879	N			
322423	L009-OWSHEL-017E	CNWH61214	1.0	1	MR-2026-03883	N			
322424	L009-OWSHEL-017E	CNWH61214	1.0	1	MR-2026-03883	N			
322425	L010-OWSHEL-022C	CNWH61227	1.0	1	MR-2026-03843	N			
322427	L010-OWSHEL-022C	CNWH61227	1.0	1	MR-2026-03836	N			
322427	L010-OWSHEL-021D	CNWH59837	1.0	1	MR-2026-03890	N			
322433	L010-OWSHEL-034C	CNWH61152	1.0	1	MR-2026-03864	N			
322434	L010-OWSHEL-034C	CNWH61152	1.0	1	MR-2026-03836	N			
322435	L010-OWSHEL-021D	CNWH59827	1.0	1	MR-2026-03879	Y			
322435	L010-OWSHEL-021D	CNWH59840	1.0	1	MR-2026-03879	Y			
322437	L010-OWSHEL-025A	CNWH59843	1.0	1	MR-2026-03854	N			
322438	L010-OWSHEL-022C	CNWH61151	1.0	1	MR-2026-03829	N			
322439	L010-OWSHEL-034C	CNWH61222	1.0	1	MR-2026-03864	N			
322439	L010-OWSHEL-022C	CNWH61151	1.0	1	MR-2026-03887	N			
322439	L010-OWSHEL-021D	CNWH59827	1.0	1	MR-2026-03907	Y			
322440	L010-OWSHEL-034C	CNWH61222	1.0	1	MR-2026-03836	N			
322442	L010-OWSHEL-047B	CNWH59850	1.0	1	MR-2026-03907	N			
322443	L010-OWSHEL-048A	CNWH59832	1.0	1	MR-2026-03900	N			
322443	L010-OWSHEL-047B	CNWH59850	1.0	1	MR-2026-03907	N			
322446	L009-OWSHEL-037A	CNWH61207	1.0	1	MR-2026-03883	Y			
322446	L009-OWSHEL-005E	CNWH61167	1.0	1	MR-2026-03890	N			
322447	L009-OWSHEL-040D	CNWH61175	1.0	1	MR-2026-03879	N			
322450	L009-OWSHEL-040D	CNWH61175	1.0	1	MR-2026-03879	N			
322451	L010-OWSHEL-047B	CNWH59851	1.0	1	MR-2026-03907	N			
322452	L010-OWSHEL-048A	CNWH59855	1.0	1	MR-2026-03854	Y			
322453	L009-OWSHEL-038B	CNWH61206	1.0	1	MR-2026-03836	N			
322456	L010-OWSHEL-046C	CNWH59856	1.0	1	MR-2026-03864	N			
322456	L010-OWSHEL-021D	CNWH59839	1.0	1	MR-2026-03907	N			
322457	L010-OWSHEL-021D	CNWH59839	1.0	1	MR-2026-03907	N			
322462	L010-OWSHEL-048A	CNWH59831	1.0	1	MR-2026-03907	N			
322463	L010-OWSHEL-046C	CNWH59858	1.0	1	MR-2026-03864	N			
322464	L010-OWSHEL-046C	CNWH59858	1.0	1	MR-2026-03864	N			
322469	L010-OWSHEL-015C	CNWH61225	1.0	1	MR-2026-03907	N			
322472	L010-OWSHEL-015C	CNWH66443	1.0	1	MR-2026-03864	N			
322474	L010-OWSHEL-015C	CNWH66443	1.0	1	MR-2026-03879	N			
322475	L010-OWSHEL-016D	CNWH61188	1.0	1	MR-2026-03890	N			
322480	L010-OWSHEL-016D	CNWH61229	1.0	1	MR-2026-03890	N			
322481	L010-OWSHEL-016D	CNWH61229	1.0	1	MR-2026-03890	N			
322482	L010-OWSHEL-024A	CNWH61192	1.0	1	MR-2026-03883	N			
322499	L010-OWSHEL-046C	CNWH61180	1.0	1	MR-2026-03843	N			
322505	L010-OWSHEL-011B	CNWH60953	1.0	1	MR-2026-03836	N			
322505	L009-OWSHEL-005E	CNWH60677	1.0	1	MR-2026-03890	N			
322506	L010-OWSHEL-004D	CNWH60607	1.0	1	MR-2026-03836	N			
322509	L010-OWSHEL-002B	CNWH60225	1.0	1	MR-2026-03907	N			
322511	L010-OWSHEL-004D	CNWH60647	1.0	1	MR-2026-03883	N			
322515	L010-OWSHEL-011B	CNWH60880	1.0	1	MR-2026-03879	Y			
322516	L009-OWSHEL-038B	CNWH60948	1.0	1	MR-2026-03854	Y			
322516	L016-OWPALT-026B	CNWH64810	1.0	1	MR-2026-03907	N			
322523	L010-OWSHEL-032E	CNWH60680	1.0	1	MR-2026-03900	Y			
322526	L010-OWSHEL-011B	CNWH60254	1.0	1	MR-2026-03887	N			
322526	L010-OWSHEL-011B	CNWH60880	1.0	1	MR-2026-03907	N			
322529	L010-OWSHEL-012A	CNWH60269	1.0	1	MR-2026-03900	N			
322533	L010-OWSHEL-012A	CNWH60269	1.0	1	MR-2026-03864	Y			
322535	L010-OWSHEL-011B	CNWH60254	1.0	1	MR-2026-03854	Y			
322537	L010-OWSHEL-014B	CNWH60235	1.0	1	MR-2026-03829	N			
322537	L010-OWSHEL-010C	CNWH60656	1.0	1	MR-2026-03836	N			
322540	L010-OWSHEL-014B	CNWH60235	1.0	1	MR-2026-03864	N			
322540	L010-OWSHEL-024A	CNWH60679	1.0	1	MR-2026-03879	N			
322541	L010-OWSHEL-014B	CNWH60235	1.0	1	MR-2026-03836	N			
322542	L010-OWSHEL-024A	CNWH60963	1.0	1	MR-2026-03864	N			
322543	L010-OWSHEL-013A	CNWH60876	1.0	1	MR-2026-03890	N			
322544	L010-OWSHEL-013A	CNWH60876	1.0	1	MR-2026-03879	N			
322545	L010-OWSHEL-011B	CNWH60239	1.0	1	MR-2026-03900	N			
322546	L010-OWSHEL-012A	CNWH60199	1.0	1	MR-2026-03883	Y			
322573	L017-OWPALT-031B	CNWH60879	1.0	1	MR-2026-03843	N			
322575	L017-OWPALT-051C	CNWH60228	1.0	1	MR-2026-03887	N			
322575	L017-OWPALT-051C	CNWH60857	1.0	1	MR-2026-03907	N			
322582	L016-OWPALT-014C	CNWH58174	1.0	1	MR-2026-03900	N			
322583	L017-OWPALT-030C	CNWH68106	1.0	1	MR-2026-03883	N			
322594	L017-OWPALT-022C	CNWH57511	1.0	1	MR-2026-03879	N			
322595	L017-OWPALT-022C	CNWH57511	1.0	1	MR-2026-03864	N			
322600	L017-OWPALT-027C	CNWH60961	1.0	1	MR-2026-03879	N			
322603	L017-OWPALT-046C	CNWH65211	1.0	1	MR-2026-03883	N			
322605	L017-OWPALT-027C	CNWH60961	1.0	1	MR-2026-03864	N			
322605	L017-OWPALT-046C	CNWH65211	1.0	1	MR-2026-03890	N			
322608	L017-OWPALT-046C	CNWH65211	1.0	1	MR-2026-03829	N			
322659	L010-OWSHEL-034C	CNWH59724	1.0	1	MR-2026-04166	N			
322686	B006-OWSHEL-013A	CNWH61011	1.0	1	MR-2026-03793	Y			
322769	L002-OWPALT-016A	CNWH60566	1.0	1	MR-2026-04668	N			
322769	L001-OWPALT-067C	CNWH60543	1.0	1	MR-2026-04669	N			
322769	L002-OWPALT-033A	CNWH60100	1.0	1	MR-2026-04669	N			
322769	L002-OWPALT-041A	CNWH60144	1.0	1	MR-2026-04669	N			
322769	L003-OWPALT-050B	CNWH60557	1.0	1	MR-2026-04672	N			
322769	L003-OWPALT-050B	CNWH60559	1.0	1	MR-2026-04672	N			
322769	L001-OWPALT-055B	CNWH60064	1.0	1	MR-2026-04673	N			
322769	L001-OWPALT-039B	CNWH65365	1.0	1	MR-2026-04676	N			
322769	L002-OWPALT-017A	CNWH59600	1.0	1	MR-2026-04677	N			
322769	L006-OWPALT-039B	CNWH59589	1.0	1	MR-2026-04678	N			
322769	L006-OWPALT-039B	CNWH59591	1.0	1	MR-2026-04678	N			
322769	L006-OWPALT-039B	CNWH59592	1.0	1	MR-2026-04678	N			
322770	L002-OWPALT-025A	CNWH59626	1.0	1	MR-2026-04667	N			
322770	L002-OWPALT-033A	CNWH60585	1.0	1	MR-2026-04668	N			
322770	L001-OWPALT-067C	CNWH60040	1.0	1	MR-2026-04669	N			
322770	L001-OWPALT-067C	CNWH60543	1.0	1	MR-2026-04669	N			
322770	L001-OWPALT-067C	CNWH67840	1.0	1	MR-2026-04669	N			
322770	L002-OWPALT-033A	CNWH60100	1.0	1	MR-2026-04669	N			
322770	L002-OWPALT-041A	CNWH60143	1.0	1	MR-2026-04669	N			
322770	L002-OWPALT-041A	CNWH60146	1.0	1	MR-2026-04669	N			
322770	L002-OWPALT-040A	CNWH60088	1.0	1	MR-2026-04677	N			
322770	L002-OWPALT-040A	CNWH60089	1.0	1	MR-2026-04677	N			
322770	L002-OWPALT-048A	CNWH62703	1.0	1	MR-2026-04677	N			
324089	L009-OWSHEL-020E	CNWH63628	1.0	1	MR-2026-04254	N			
324090	L016-OWPALT-047B	CNWH67940	1.0	1	MR-2026-04216	N			
324092	L016-OWPALT-047B	CNWH67940	1.0	1	MR-2026-04266	Y			
324095	L016-OWPALT-047B	CNWH67939	1.0	1	MR-2026-04203	N			
324099	L016-OWPALT-047B	CNWH67939	1.0	1	MR-2026-04203	N			
324102	L016-OWPALT-049A	CNWH66173	1.0	1	MR-2026-04127	N			
324105	L009-OWSHEL-005E	CNWH63630	1.0	1	MR-2026-04179	N			
324111	L016-OWPALT-047B	CNWH67940	1.0	1	MR-2026-04216	N			
324116	L016-OWPALT-047B	CNWH67940	1.0	1	MR-2026-04216	N			
324127	L009-OWSHEL-005E	CNWH63677	1.0	1	MR-2026-04254	N			
324139	L009-OWSHEL-020E	CNWH63642	1.0	1	MR-2026-04140	N			
324245	L003-OWPALT-017A	CNWH62844	1.0	1	MR-2026-04667	N			
324245	L001-OWPALT-055B	CNWH62776	1.0	1	MR-2026-04668	Y			
324245	L003-OWPALT-008A	CNWH62892	1.0	1	MR-2026-04668	N			
324245	L003-OWPALT-008A	CNWH62899	1.0	1	MR-2026-04668	N			
324245	L003-OWPALT-009A	CNWH62777	1.0	1	MR-2026-04668	N			
324245	L003-OWPALT-009A	CNWH62954	1.0	1	MR-2026-04668	N			
324245	L003-OWPALT-009A	CNWH62981	1.0	1	MR-2026-04668	N			
324245	L003-OWPALT-048A	CNWH62851	1.0	1	MR-2026-04668	N			
324245	L003-OWPALT-034B	CNWH62859	1.0	1	MR-2026-04669	N			
324245	L003-OWPALT-016A	CNWH62815	1.0	1	MR-2026-04670	N			
324245	L003-OWPALT-016A	CNWH62997	1.0	1	MR-2026-04670	N			
324245	L003-OWPALT-017A	CNWH62739	1.0	1	MR-2026-04672	N			
324245	L003-OWPALT-016A	CNWH62819	1.0	1	MR-2026-04674	N			
324245	L003-OWPALT-016A	CNWH62820	1.0	1	MR-2026-04674	N			
324245	L003-OWPALT-016A	CNWH62822	1.0	1	MR-2026-04674	N			
324249	L001-OWPALT-017A	CNWH63376	1.0	1	MR-2026-04672	N			
324250	L001-OWPALT-017A	CNWH63376	1.0	1	MR-2026-04670	Y			
324250	L001-OWPALT-017A	CNWH63374	1.0	1	MR-2026-04673	N			
324250	L006-OWPALT-056A	CNWH63395	1.0	1	MR-2026-04675	N			
324250	L001-OWPALT-031B	CNWH63301	1.0	1	MR-2026-04676	N			
324250	L006-OWPALT-026B	CNWH63402	1.0	1	MR-2026-04678	N			
324251	L003-OWPALT-015B	CNWH63505	1.0	1	MR-2026-04672	N			
324251	L003-OWPALT-015B	CNWH63508	1.0	1	MR-2026-04672	N			
324252	L003-OWPALT-057A	CNWH63519	1.0	1	MR-2026-04669	N			
326532	L017-OWPALT-034B	CNWH61098	1.0	1	MR-2026-04216	N			
326532	L017-OWPALT-034B	CNWH62606	1.0	1	MR-2026-04216	N			
326833	L009-OWSHEL-013A	CNWH66437	1.0	1	MR-2026-04734	N			
326839	L009-OWSHEL-013A	CNWH66437	1.0	1	MR-2026-04732	N			
326840	L009-OWSHEL-023B	CNWH66463	1.0	1	MR-2026-04730	N			
326846	L009-OWSHEL-023B	CNWH66463	1.0	1	MR-2026-04730	N			
326848	L009-OWSHEL-024A	CNWH66453	1.0	1	MR-2026-04726	Y			
326853	L009-OWSHEL-010C	CNWH66423	1.0	1	MR-2026-04276	Y			
326858	L009-OWSHEL-002B	CNWH66398	1.0	1	MR-2026-04729	N			
326858	L009-OWSHEL-001A	CNWH66387	1.0	1	MR-2026-04732	N			
326859	L009-OWSHEL-002B	CNWH66398	1.0	1	MR-2026-04730	N			
326860	L009-OWSHEL-002B	CNWH66398	1.0	1	MR-2026-04729	N			
326861	L009-OWSHEL-023B	CNWH66459	1.0	1	MR-2026-04271	Y			
326865	L009-OWSHEL-002B	CNWH66384	1.0	1	MR-2026-04729	N			
326865	L009-OWSHEL-012A	CNWH66403	1.0	1	MR-2026-04732	N			
326866	L009-OWSHEL-011B	CNWH66419	1.0	1	MR-2026-04730	N			
326869	L009-OWSHEL-011B	CNWH66428	1.0	1	MR-2026-04726	N			
326870	L009-OWSHEL-011B	CNWH66428	1.0	1	MR-2026-04727	N			
326873	L016-OWPALT-014C	CNWH58174	1.0	1	MR-2026-04272	Y			
326873	L009-OWSHEL-013A	CNWH64827	1.0	1	MR-2026-04276	Y			
326881	L009-OWSHEL-014B	CNWH66451	1.0	1	MR-2026-04727	N			
327801	L009-OWSHEL-026B	CNWH66494	1.0	1	MR-2026-04727	N			
327932	L017-OWPALT-038C	CNWH54660	1.0	1	MR-2026-04727	Y			
327932	L017-OWPALT-038C	CNWH53607	1.0	1	MR-2026-04729	Y			
327934	L017-OWPALT-038C	CNWH54660	1.0	1	MR-2026-04734	N			
327939	L017-OWPALT-038C	CNWH50783	1.0	1	MR-2026-04734	N			
327940	L017-OWPALT-038C	CNWH54660	1.0	1	MR-2026-04727	N			
327941	L017-OWPALT-038C	CNWH67024	1.0	1	MR-2026-04730	N			
327946	L017-OWPALT-038C	CNWH50783	1.0	1	MR-2026-04734	N			
329417	L017-OWPALT-038C	CNWH56296	1.0	1	MR-2026-04732	N			
329420	L017-OWPALT-038C	CNWH56296	1.0	1	MR-2026-04729	N			
329420	L017-OWPALT-038C	CNWH26525	1.0	1	MR-2026-04730	N			
329657	L017-OWPALT-015B	CNWH67034	1.0	1	MR-2026-04726	N			
329659	L017-OWPALT-015B	CNWH67033	1.0	1	MR-2026-04140	N			
329662	L017-OWPALT-015B	CNWH67049	1.0	1	MR-2026-04166	Y			
329665	L017-OWPALT-027C	CNWH60628	1.0	1	MR-2026-04734	N			
329668	L017-OWPALT-027C	CNWH67047	1.0	1	MR-2026-04229	N			
329669	L017-OWPALT-027C	CNWH67047	1.0	1	MR-2026-04727	N			
329671	L017-OWPALT-027C	CNWH67045	1.0	1	MR-2026-04140	N			
329671	L017-OWPALT-027C	CNWH67047	1.0	1	MR-2026-04203	N			
329673	L017-OWPALT-038C	CNWH50783	1.0	1	MR-2026-04140	N			
329675	L017-OWPALT-027C	CNWH67045	1.0	1	MR-2026-04730	N			
329686	L017-OWPALT-038C	CNWH53607	1.0	1	MR-2026-04166	N			
329686	L017-OWPALT-015B	CNWH67029	1.0	1	MR-2026-04727	N			
329687	L017-OWPALT-038C	CNWH53607	1.0	1	MR-2026-04732	N			
329688	L017-OWPALT-038C	CNWH53607	1.0	1	MR-2026-04730	N			
329693	L017-OWPALT-015B	CNWH67034	1.0	1	MR-2026-04166	Y			
329693	L017-OWPALT-015B	CNWH60597	1.0	1	MR-2026-04254	N			
329698	L017-OWPALT-015B	CNWH67034	1.0	1	MR-2026-04203	Y			
329698	L017-OWPALT-015B	CNWH67028	1.0	1	MR-2026-04254	Y			
329699	L017-OWPALT-015B	CNWH67034	1.0	1	MR-2026-04729	N			
329701	L017-OWPALT-015B	CNWH67028	1.0	1	MR-2026-04140	Y			
329701	L017-OWPALT-015B	CNWH67032	1.0	1	MR-2026-04153	Y			
329705	L017-OWPALT-015B	CNWH67049	1.0	1	MR-2026-04192	Y			
329705	L017-OWPALT-015B	CNWH67034	1.0	1	MR-2026-04732	N			
329706	L017-OWPALT-027C	CNWH60628	1.0	1	MR-2026-04254	Y			
329706	L017-OWPALT-027C	CNWH60593	1.0	1	MR-2026-04730	N			
329853	L017-OWPALT-039B	CNWH02068	1.0	1	MR-2026-04730	N			
329873	L016-OWPALT-014C	CNWH58174	1.0	1	MR-2026-04734	N			
329889	L016-OWPALT-014C	CNWH58174	1.0	1	MR-2026-04732	N			
329957	L017-OWPALT-022C	CNWH61956	1.0	1	MR-2026-04730	Y			
329976	L017-OWPALT-039B	CNWH02068	1.0	1	MR-2026-04734	N			
