bin_location	carton_id	audit_lines
L009-OWSHEL-006F	CNWH58667	2
L009-OWSHEL-008E	CNWH58408	1
L009-OWSHEL-017E	CNWH57854	1
L009-OWSHEL-038B	CNWH55787	1
L009-OWSHEL-038B	CNWH58606	1
L009-OWSHEL-042F	CNWH59147	1
L010-OWSHEL-029E	CNWH66249	1
L010-OWSHEL-029E	CNWH68982	2
L022-OWPALT-008A	CNWH65486	4
L022-OWPALT-008A	CNWH65490	6
L022-OWPALT-008A	CNWH65493	3
L022-OWPALT-008A	CNWH65756	1
L022-OWPALT-008A	CNWH67085	1
L022-OWPALT-008A	CNWH67087	1
L023-OWSHEL-001A	CNWH41768	4
L023-OWSHEL-001A	CNWH41907	2
L023-OWSHEL-002B	CNWH53360	1
L023-OWSHEL-008C	CNWH52903	1
L023-OWSHEL-012B	CNWH66785	2
L023-OWSHEL-022B	CNWH69448	1
L023-OWSHEL-026A	CNWH69440	1
