material_request	stock_entry	item_code	bin_location	carton_id	desktop_qty_expected	erp_wms_net_out	erp_auto_pick_out	qty_gap
MR-2026-04686	MAT-STE-2026-21846	194087	L010-OWSHEL-029E	CNWH68982	2.0	4.0	0	-2.0
MR-2026-04688	MAT-STE-2026-21847	279334	L009-OWSHEL-006F	CNWH58667	1.0	2.0	0	-1.0
MR-2026-04688	MAT-STE-2026-21847	279339	L009-OWSHEL-008E	CNWH58408	1.0	2.0	0	-1.0
MR-2026-04688	MAT-STE-2026-21847	279344	L009-OWSHEL-038B	CNWH55787	1.0	2.0	0	-1.0
MR-2026-04688	MAT-STE-2026-21847	279359	L009-OWSHEL-017E	CNWH57854	1.0	2.0	0	-1.0
MR-2026-04689	MAT-STE-2026-21848	279329	L009-OWSHEL-006F	CNWH58667	1.0	2.0	0	-1.0
MR-2026-04690	MAT-STE-2026-21852	194093	L010-OWSHEL-029E	CNWH68982	1.0	4.0	0	-3.0
MR-2026-04690	MAT-STE-2026-21852	279334	L009-OWSHEL-042F	CNWH59147	1.0	2.0	0	-1.0
MR-2026-04690	MAT-STE-2026-21852	279354	L009-OWSHEL-038B	CNWH58606	1.0	2.0	0	-1.0
MR-2026-04692	MAT-STE-2026-21850	279344	L010-OWSHEL-029E	CNWH66249	1.0	2.0	0	-1.0
MR-2026-04785	MAT-STE-2026-21887	304371	L023-OWSHEL-001A	CNWH41768	1.0	8.0	0	-7.0
MR-2026-04785	MAT-STE-2026-21887	304374	L023-OWSHEL-001A	CNWH41768	25.0	29.0	0	-4.0
MR-2026-04791	MAT-STE-2026-21893	304352	L023-OWSHEL-002B	CNWH53360	1.0	8.0	0	-7.0
MR-2026-04791	MAT-STE-2026-21893	304367	L023-OWSHEL-001A	CNWH41907	11.0	24.0	0	-13.0
MR-2026-04791	MAT-STE-2026-21893	304373	L023-OWSHEL-001A	CNWH41768	2.0	3.0	0	-1.0
MR-2026-04791	MAT-STE-2026-21893	304374	L023-OWSHEL-001A	CNWH41768	1.0	17.0	0	-16.0
MR-2026-04791	MAT-STE-2026-21893	304375	L023-OWSHEL-001A	CNWH41907	35.0	61.0	0	-26.0
MR-2026-04791	MAT-STE-2026-21893	319894	L023-OWSHEL-008C	CNWH52903	3.0	5.0	0	-2.0
MR-2026-04791	MAT-STE-2026-21893	331496	L023-OWSHEL-012B	CNWH66785	18.0	46.0	0	-28.0
MR-2026-04791	MAT-STE-2026-21893	331500	L023-OWSHEL-022B	CNWH69448	6.0	18.0	0	-12.0
MR-2026-04792	MAT-STE-2026-21894	331498	L023-OWSHEL-026A	CNWH69440	18.0	62.0	0	-44.0
MR-2026-04797	MAT-STE-2026-21899	331496	L023-OWSHEL-012B	CNWH66785	12.0	15.0	0	-3.0
MR-2026-04831	MAT-STE-2026-21845	315136	L022-OWPALT-008A	CNWH65493	3.0	11.0	0	-8.0
MR-2026-04831	MAT-STE-2026-21845	315137	L022-OWPALT-008A	CNWH65756	4.0	11.0	0	-7.0
MR-2026-04831	MAT-STE-2026-21845	315138	L022-OWPALT-008A	CNWH65486	4.0	7.0	0	-3.0
MR-2026-04831	MAT-STE-2026-21845	315140	L022-OWPALT-008A	CNWH65486	6.0	15.0	0	-9.0
MR-2026-04831	MAT-STE-2026-21845	315142	L022-OWPALT-008A	CNWH67087	2.0	4.0	0	-2.0
MR-2026-04831	MAT-STE-2026-21845	315144	L022-OWPALT-008A	CNWH65490	2.0	3.0	0	-1.0
MR-2026-04831	MAT-STE-2026-21845	315146	L022-OWPALT-008A	CNWH65490	2.0	4.0	0	-2.0
MR-2026-04831	MAT-STE-2026-21845	315147	L022-OWPALT-008A	CNWH65493	2.0	18.0	0	-16.0
MR-2026-04831	MAT-STE-2026-21845	315148	L022-OWPALT-008A	CNWH65490	1.0	8.0	0	-7.0
MR-2026-04832	MAT-STE-2026-21966	315139	L022-OWPALT-008A	CNWH65486	5.0	11.0	0	-6.0
MR-2026-04832	MAT-STE-2026-21966	315142	L022-OWPALT-008A	CNWH65490	1.0	2.0	0	-1.0
MR-2026-04832	MAT-STE-2026-21966	315145	L022-OWPALT-008A	CNWH65490	1.0	26.0	0	-25.0
MR-2026-04832	MAT-STE-2026-21966	315147	L022-OWPALT-008A	CNWH65493	1.0	7.0	0	-6.0
MR-2026-04832	MAT-STE-2026-21966	315148	L022-OWPALT-008A	CNWH65490	9.0	21.0	0	-12.0
MR-2026-04835	MAT-STE-2026-21967	315136	L022-OWPALT-008A	CNWH65486	9.0	17.0	0	-8.0
MR-2026-04835	MAT-STE-2026-21967	315145	L022-OWPALT-008A	CNWH67085	6.0	15.0	0	-9.0
